year_month,hs_code,segment,total_imports_usd_million,hhi_country_concentration,top1_country_share_pct,top3_country_share_pct,num_partner_countries,data_source,retrieval_date,notes
2018-01,3818,Raw_Materials,27.64,7612.5,86.79,96.56,15.0,DGFT_TRADESTAT_MEIDB_live_aggregated,2026-05-01,Aggregated from country-level DGFT data; HHI = Σ(share²) × 10000 per US DOJ convention
2018-01,8486,Equipment,5.18,3474.5,48.46,89.38,14.0,DGFT_TRADESTAT_MEIDB_live_aggregated,2026-05-01,Aggregated from country-level DGFT data; HHI = Σ(share²) × 10000 per US DOJ convention
2018-01,8541,Devices,412.58,6865.7,82.54,92.03,40.0,DGFT_TRADESTAT_MEIDB_live_aggregated,2026-05-01,Aggregated from country-level DGFT data; HHI = Σ(share²) × 10000 per US DOJ convention
2018-01,8542,ICs,198.92,1553.5,27.37,59.79,42.0,DGFT_TRADESTAT_MEIDB_live_aggregated,2026-05-01,Aggregated from country-level DGFT data; HHI = Σ(share²) × 10000 per US DOJ convention
2018-02,3818,Raw_Materials,23.44,8559.1,92.45,96.63,11.0,DGFT_TRADESTAT_MEIDB_live_aggregated,2026-05-01,Aggregated from country-level DGFT data; HHI = Σ(share²) × 10000 per US DOJ convention
2018-02,8486,Equipment,1.34,1861.2,24.63,68.66,10.0,DGFT_TRADESTAT_MEIDB_live_aggregated,2026-05-01,Aggregated from country-level DGFT data; HHI = Σ(share²) × 10000 per US DOJ convention
2018-02,8541,Devices,537.71,8060.7,89.71,93.95,39.0,DGFT_TRADESTAT_MEIDB_live_aggregated,2026-05-01,Aggregated from country-level DGFT data; HHI = Σ(share²) × 10000 per US DOJ convention
2018-02,8542,ICs,205.82,1841.0,30.92,65.84,41.0,DGFT_TRADESTAT_MEIDB_live_aggregated,2026-05-01,Aggregated from country-level DGFT data; HHI = Σ(share²) × 10000 per US DOJ convention
2018-03,3818,Raw_Materials,25.93,8601.3,92.67,97.45,11.0,DGFT_TRADESTAT_MEIDB_live_aggregated,2026-05-01,Aggregated from country-level DGFT data; HHI = Σ(share²) × 10000 per US DOJ convention
2018-03,8486,Equipment,5.38,5546.8,73.23,90.89,12.0,DGFT_TRADESTAT_MEIDB_live_aggregated,2026-05-01,Aggregated from country-level DGFT data; HHI = Σ(share²) × 10000 per US DOJ convention
2018-03,8541,Devices,354.65,6260.8,78.83,86.34,40.0,DGFT_TRADESTAT_MEIDB_live_aggregated,2026-05-01,Aggregated from country-level DGFT data; HHI = Σ(share²) × 10000 per US DOJ convention
2018-03,8542,ICs,315.93,2669.2,44.21,74.89,42.0,DGFT_TRADESTAT_MEIDB_live_aggregated,2026-05-01,Aggregated from country-level DGFT data; HHI = Σ(share²) × 10000 per US DOJ convention
2018-05,3818,Raw_Materials,11.17,7572.0,86.75,95.43,9.0,DGFT_TRADESTAT_MEIDB_live_aggregated,2026-05-01,Aggregated from country-level DGFT data; HHI = Σ(share²) × 10000 per US DOJ convention
2018-05,8486,Equipment,5.84,3085.7,44.69,87.67,11.0,DGFT_TRADESTAT_MEIDB_live_aggregated,2026-05-01,Aggregated from country-level DGFT data; HHI = Σ(share²) × 10000 per US DOJ convention
2018-05,8541,Devices,267.35,4160.7,63.17,76.92,34.0,DGFT_TRADESTAT_MEIDB_live_aggregated,2026-05-01,Aggregated from country-level DGFT data; HHI = Σ(share²) × 10000 per US DOJ convention
2018-05,8542,ICs,608.42,2492.8,33.92,78.17,40.0,DGFT_TRADESTAT_MEIDB_live_aggregated,2026-05-01,Aggregated from country-level DGFT data; HHI = Σ(share²) × 10000 per US DOJ convention
2018-06,3818,Raw_Materials,7.68,6711.3,81.38,93.49,9.0,DGFT_TRADESTAT_MEIDB_live_aggregated,2026-05-01,Aggregated from country-level DGFT data; HHI = Σ(share²) × 10000 per US DOJ convention
2018-06,8486,Equipment,3.17,2567.1,37.85,79.81,11.0,DGFT_TRADESTAT_MEIDB_live_aggregated,2026-05-01,Aggregated from country-level DGFT data; HHI = Σ(share²) × 10000 per US DOJ convention
2018-06,8541,Devices,179.01,3267.3,54.95,72.1,38.0,DGFT_TRADESTAT_MEIDB_live_aggregated,2026-05-01,Aggregated from country-level DGFT data; HHI = Σ(share²) × 10000 per US DOJ convention
2018-06,8542,ICs,611.21,2421.9,32.98,80.51,39.0,DGFT_TRADESTAT_MEIDB_live_aggregated,2026-05-01,Aggregated from country-level DGFT data; HHI = Σ(share²) × 10000 per US DOJ convention
2018-07,3818,Raw_Materials,3.08,3689.3,53.9,89.94,6.0,DGFT_TRADESTAT_MEIDB_live_aggregated,2026-05-01,Aggregated from country-level DGFT data; HHI = Σ(share²) × 10000 per US DOJ convention
2018-07,8486,Equipment,3.07,2373.2,35.5,75.24,9.0,DGFT_TRADESTAT_MEIDB_live_aggregated,2026-05-01,Aggregated from country-level DGFT data; HHI = Σ(share²) × 10000 per US DOJ convention
2018-07,8541,Devices,271.66,4615.0,66.6,82.55,37.0,DGFT_TRADESTAT_MEIDB_live_aggregated,2026-05-01,Aggregated from country-level DGFT data; HHI = Σ(share²) × 10000 per US DOJ convention
2018-07,8542,ICs,664.09,2964.9,46.78,82.15,41.0,DGFT_TRADESTAT_MEIDB_live_aggregated,2026-05-01,Aggregated from country-level DGFT data; HHI = Σ(share²) × 10000 per US DOJ convention
2018-08,3818,Raw_Materials,4.41,6070.3,77.1,90.25,10.0,DGFT_TRADESTAT_MEIDB_live_aggregated,2026-05-01,Aggregated from country-level DGFT data; HHI = Σ(share²) × 10000 per US DOJ convention
2018-08,8486,Equipment,4.89,1652.2,32.52,57.67,13.0,DGFT_TRADESTAT_MEIDB_live_aggregated,2026-05-01,Aggregated from country-level DGFT data; HHI = Σ(share²) × 10000 per US DOJ convention
2018-08,8541,Devices,328.18,5630.6,74.34,85.63,37.0,DGFT_TRADESTAT_MEIDB_live_aggregated,2026-05-01,Aggregated from country-level DGFT data; HHI = Σ(share²) × 10000 per US DOJ convention
2018-08,8542,ICs,896.08,2886.7,40.11,84.64,37.0,DGFT_TRADESTAT_MEIDB_live_aggregated,2026-05-01,Aggregated from country-level DGFT data; HHI = Σ(share²) × 10000 per US DOJ convention
2018-09,3818,Raw_Materials,14.9,8326.1,91.14,96.64,10.0,DGFT_TRADESTAT_MEIDB_live_aggregated,2026-05-01,Aggregated from country-level DGFT data; HHI = Σ(share²) × 10000 per US DOJ convention
2018-09,8486,Equipment,3.14,2891.6,46.5,81.85,11.0,DGFT_TRADESTAT_MEIDB_live_aggregated,2026-05-01,Aggregated from country-level DGFT data; HHI = Σ(share²) × 10000 per US DOJ convention
2018-09,8541,Devices,254.96,4263.4,63.08,83.2,37.0,DGFT_TRADESTAT_MEIDB_live_aggregated,2026-05-01,Aggregated from country-level DGFT data; HHI = Σ(share²) × 10000 per US DOJ convention
2018-09,8542,ICs,966.84,2988.9,40.56,86.57,38.0,DGFT_TRADESTAT_MEIDB_live_aggregated,2026-05-01,Aggregated from country-level DGFT data; HHI = Σ(share²) × 10000 per US DOJ convention
2018-10,3818,Raw_Materials,6.56,6461.2,79.57,93.14,10.0,DGFT_TRADESTAT_MEIDB_live_aggregated,2026-05-01,Aggregated from country-level DGFT data; HHI = Σ(share²) × 10000 per US DOJ convention
2018-10,8486,Equipment,2.96,4151.5,46.62,94.26,10.0,DGFT_TRADESTAT_MEIDB_live_aggregated,2026-05-01,Aggregated from country-level DGFT data; HHI = Σ(share²) × 10000 per US DOJ convention
2018-10,8541,Devices,230.44,3134.3,53.06,74.02,34.0,DGFT_TRADESTAT_MEIDB_live_aggregated,2026-05-01,Aggregated from country-level DGFT data; HHI = Σ(share²) × 10000 per US DOJ convention
2018-10,8542,ICs,824.3,2735.4,37.25,81.65,40.0,DGFT_TRADESTAT_MEIDB_live_aggregated,2026-05-01,Aggregated from country-level DGFT data; HHI = Σ(share²) × 10000 per US DOJ convention
2018-11,3818,Raw_Materials,5.27,6492.3,80.08,91.27,11.0,DGFT_TRADESTAT_MEIDB_live_aggregated,2026-05-01,Aggregated from country-level DGFT data; HHI = Σ(share²) × 10000 per US DOJ convention
2018-11,8486,Equipment,9.68,4599.4,66.12,84.09,14.0,DGFT_TRADESTAT_MEIDB_live_aggregated,2026-05-01,Aggregated from country-level DGFT data; HHI = Σ(share²) × 10000 per US DOJ convention
2018-11,8541,Devices,196.0,3163.7,52.98,77.14,36.0,DGFT_TRADESTAT_MEIDB_live_aggregated,2026-05-01,Aggregated from country-level DGFT data; HHI = Σ(share²) × 10000 per US DOJ convention
2018-11,8542,ICs,790.55,2735.5,35.44,83.9,38.0,DGFT_TRADESTAT_MEIDB_live_aggregated,2026-05-01,Aggregated from country-level DGFT data; HHI = Σ(share²) × 10000 per US DOJ convention
2018-12,3818,Raw_Materials,4.63,6236.9,78.19,92.66,10.0,DGFT_TRADESTAT_MEIDB_live_aggregated,2026-05-01,Aggregated from country-level DGFT data; HHI = Σ(share²) × 10000 per US DOJ convention
2018-12,8486,Equipment,6.71,3873.1,60.36,77.2,14.0,DGFT_TRADESTAT_MEIDB_live_aggregated,2026-05-01,Aggregated from country-level DGFT data; HHI = Σ(share²) × 10000 per US DOJ convention
2018-12,8541,Devices,304.0,4346.6,64.14,83.58,38.0,DGFT_TRADESTAT_MEIDB_live_aggregated,2026-05-01,Aggregated from country-level DGFT data; HHI = Σ(share²) × 10000 per US DOJ convention
2018-12,8542,ICs,643.63,2752.9,35.67,82.56,38.0,DGFT_TRADESTAT_MEIDB_live_aggregated,2026-05-01,Aggregated from country-level DGFT data; HHI = Σ(share²) × 10000 per US DOJ convention
2019-01,3818,Raw_Materials,6.38,5317.3,71.47,89.03,8.0,DGFT_TRADESTAT_MEIDB_live_aggregated,2026-05-01,Aggregated from country-level DGFT data; HHI = Σ(share²) × 10000 per US DOJ convention
2019-01,8486,Equipment,2.24,2231.3,30.36,77.68,13.0,DGFT_TRADESTAT_MEIDB_live_aggregated,2026-05-01,Aggregated from country-level DGFT data; HHI = Σ(share²) × 10000 per US DOJ convention
2019-01,8541,Devices,315.79,4425.7,64.97,82.34,34.0,DGFT_TRADESTAT_MEIDB_live_aggregated,2026-05-01,Aggregated from country-level DGFT data; HHI = Σ(share²) × 10000 per US DOJ convention
2019-01,8542,ICs,846.26,2582.0,33.72,84.83,36.0,DGFT_TRADESTAT_MEIDB_live_aggregated,2026-05-01,Aggregated from country-level DGFT data; HHI = Σ(share²) × 10000 per US DOJ convention
2019-02,3818,Raw_Materials,8.6,9142.1,95.58,98.72,7.0,DGFT_TRADESTAT_MEIDB_live_aggregated,2026-05-01,Aggregated from country-level DGFT data; HHI = Σ(share²) × 10000 per US DOJ convention
2019-02,8486,Equipment,1.56,3395.8,46.15,88.46,10.0,DGFT_TRADESTAT_MEIDB_live_aggregated,2026-05-01,Aggregated from country-level DGFT data; HHI = Σ(share²) × 10000 per US DOJ convention
2019-02,8541,Devices,304.12,5190.6,71.14,85.01,37.0,DGFT_TRADESTAT_MEIDB_live_aggregated,2026-05-01,Aggregated from country-level DGFT data; HHI = Σ(share²) × 10000 per US DOJ convention
2019-02,8542,ICs,636.94,2363.1,34.89,78.35,38.0,DGFT_TRADESTAT_MEIDB_live_aggregated,2026-05-01,Aggregated from country-level DGFT data; HHI = Σ(share²) × 10000 per US DOJ convention
2019-03,3818,Raw_Materials,8.82,8990.2,94.78,97.62,8.0,DGFT_TRADESTAT_MEIDB_live_aggregated,2026-05-01,Aggregated from country-level DGFT data; HHI = Σ(share²) × 10000 per US DOJ convention
2019-03,8486,Equipment,1.55,2792.5,46.45,77.42,11.0,DGFT_TRADESTAT_MEIDB_live_aggregated,2026-05-01,Aggregated from country-level DGFT data; HHI = Σ(share²) × 10000 per US DOJ convention
2019-03,8541,Devices,303.02,4004.6,61.37,79.47,39.0,DGFT_TRADESTAT_MEIDB_live_aggregated,2026-05-01,Aggregated from country-level DGFT data; HHI = Σ(share²) × 10000 per US DOJ convention
2019-03,8542,ICs,851.1,2726.8,37.7,85.22,43.0,DGFT_TRADESTAT_MEIDB_live_aggregated,2026-05-01,Aggregated from country-level DGFT data; HHI = Σ(share²) × 10000 per US DOJ convention
2019-05,3818,Raw_Materials,13.92,8434.8,91.74,97.56,11.0,DGFT_TRADESTAT_MEIDB_live_aggregated,2026-05-01,Aggregated from country-level DGFT data; HHI = Σ(share²) × 10000 per US DOJ convention
2019-05,8486,Equipment,3.46,4921.3,68.5,87.57,11.0,DGFT_TRADESTAT_MEIDB_live_aggregated,2026-05-01,Aggregated from country-level DGFT data; HHI = Σ(share²) × 10000 per US DOJ convention
2019-05,8541,Devices,214.44,3242.0,54.48,72.91,39.0,DGFT_TRADESTAT_MEIDB_live_aggregated,2026-05-01,Aggregated from country-level DGFT data; HHI = Σ(share²) × 10000 per US DOJ convention
2019-05,8542,ICs,832.47,2649.3,35.62,81.0,37.0,DGFT_TRADESTAT_MEIDB_live_aggregated,2026-05-01,Aggregated from country-level DGFT data; HHI = Σ(share²) × 10000 per US DOJ convention
2019-06,3818,Raw_Materials,12.33,8371.3,91.4,96.35,10.0,DGFT_TRADESTAT_MEIDB_live_aggregated,2026-05-01,Aggregated from country-level DGFT data; HHI = Σ(share²) × 10000 per US DOJ convention
2019-06,8486,Equipment,4.67,3078.1,50.11,77.09,13.0,DGFT_TRADESTAT_MEIDB_live_aggregated,2026-05-01,Aggregated from country-level DGFT data; HHI = Σ(share²) × 10000 per US DOJ convention
2019-06,8541,Devices,185.92,2711.0,48.69,68.22,40.0,DGFT_TRADESTAT_MEIDB_live_aggregated,2026-05-01,Aggregated from country-level DGFT data; HHI = Σ(share²) × 10000 per US DOJ convention
2019-06,8542,ICs,866.41,2935.2,41.88,86.72,34.0,DGFT_TRADESTAT_MEIDB_live_aggregated,2026-05-01,Aggregated from country-level DGFT data; HHI = Σ(share²) × 10000 per US DOJ convention
2019-07,3818,Raw_Materials,16.18,8802.2,93.76,98.21,9.0,DGFT_TRADESTAT_MEIDB_live_aggregated,2026-05-01,Aggregated from country-level DGFT data; HHI = Σ(share²) × 10000 per US DOJ convention
2019-07,8486,Equipment,15.94,8587.4,92.6,96.99,12.0,DGFT_TRADESTAT_MEIDB_live_aggregated,2026-05-01,Aggregated from country-level DGFT data; HHI = Σ(share²) × 10000 per US DOJ convention
2019-07,8541,Devices,263.76,3561.4,57.94,72.44,39.0,DGFT_TRADESTAT_MEIDB_live_aggregated,2026-05-01,Aggregated from country-level DGFT data; HHI = Σ(share²) × 10000 per US DOJ convention
2019-07,8542,ICs,961.29,2750.3,37.08,84.66,44.0,DGFT_TRADESTAT_MEIDB_live_aggregated,2026-05-01,Aggregated from country-level DGFT data; HHI = Σ(share²) × 10000 per US DOJ convention
2019-08,3818,Raw_Materials,14.73,8760.7,93.55,97.08,9.0,DGFT_TRADESTAT_MEIDB_live_aggregated,2026-05-01,Aggregated from country-level DGFT data; HHI = Σ(share²) × 10000 per US DOJ convention
2019-08,8486,Equipment,6.0,3408.2,50.0,91.5,13.0,DGFT_TRADESTAT_MEIDB_live_aggregated,2026-05-01,Aggregated from country-level DGFT data; HHI = Σ(share²) × 10000 per US DOJ convention
2019-08,8541,Devices,299.27,4189.3,63.39,76.78,40.0,DGFT_TRADESTAT_MEIDB_live_aggregated,2026-05-01,Aggregated from country-level DGFT data; HHI = Σ(share²) × 10000 per US DOJ convention
2019-08,8542,ICs,1098.9,3082.0,43.54,87.6,38.0,DGFT_TRADESTAT_MEIDB_live_aggregated,2026-05-01,Aggregated from country-level DGFT data; HHI = Σ(share²) × 10000 per US DOJ convention
2019-09,3818,Raw_Materials,12.32,8593.4,92.53,99.43,7.0,DGFT_TRADESTAT_MEIDB_live_aggregated,2026-05-01,Aggregated from country-level DGFT data; HHI = Σ(share²) × 10000 per US DOJ convention
2019-09,8486,Equipment,3.94,2891.6,48.98,76.4,12.0,DGFT_TRADESTAT_MEIDB_live_aggregated,2026-05-01,Aggregated from country-level DGFT data; HHI = Σ(share²) × 10000 per US DOJ convention
2019-09,8541,Devices,294.96,3906.3,60.52,77.74,35.0,DGFT_TRADESTAT_MEIDB_live_aggregated,2026-05-01,Aggregated from country-level DGFT data; HHI = Σ(share²) × 10000 per US DOJ convention
2019-09,8542,ICs,1152.24,3335.8,44.5,90.35,39.0,DGFT_TRADESTAT_MEIDB_live_aggregated,2026-05-01,Aggregated from country-level DGFT data; HHI = Σ(share²) × 10000 per US DOJ convention
2019-10,3818,Raw_Materials,12.7,8993.0,94.8,97.4,8.0,DGFT_TRADESTAT_MEIDB_live_aggregated,2026-05-01,Aggregated from country-level DGFT data; HHI = Σ(share²) × 10000 per US DOJ convention
2019-10,8486,Equipment,5.68,3134.6,51.76,78.52,12.0,DGFT_TRADESTAT_MEIDB_live_aggregated,2026-05-01,Aggregated from country-level DGFT data; HHI = Σ(share²) × 10000 per US DOJ convention
2019-10,8541,Devices,355.78,4879.1,68.97,80.54,36.0,DGFT_TRADESTAT_MEIDB_live_aggregated,2026-05-01,Aggregated from country-level DGFT data; HHI = Σ(share²) × 10000 per US DOJ convention
2019-10,8542,ICs,803.58,2931.1,39.43,86.57,36.0,DGFT_TRADESTAT_MEIDB_live_aggregated,2026-05-01,Aggregated from country-level DGFT data; HHI = Σ(share²) × 10000 per US DOJ convention
2019-11,3818,Raw_Materials,11.66,9146.9,95.63,97.43,12.0,DGFT_TRADESTAT_MEIDB_live_aggregated,2026-05-01,Aggregated from country-level DGFT data; HHI = Σ(share²) × 10000 per US DOJ convention
2019-11,8486,Equipment,6.45,4095.7,61.86,82.17,13.0,DGFT_TRADESTAT_MEIDB_live_aggregated,2026-05-01,Aggregated from country-level DGFT data; HHI = Σ(share²) × 10000 per US DOJ convention
2019-11,8541,Devices,223.49,4267.5,63.95,79.59,37.0,DGFT_TRADESTAT_MEIDB_live_aggregated,2026-05-01,Aggregated from country-level DGFT data; HHI = Σ(share²) × 10000 per US DOJ convention
2019-11,8542,ICs,727.45,2792.0,42.56,83.86,40.0,DGFT_TRADESTAT_MEIDB_live_aggregated,2026-05-01,Aggregated from country-level DGFT data; HHI = Σ(share²) × 10000 per US DOJ convention
2019-12,3818,Raw_Materials,12.25,9565.2,97.8,99.18,8.0,DGFT_TRADESTAT_MEIDB_live_aggregated,2026-05-01,Aggregated from country-level DGFT data; HHI = Σ(share²) × 10000 per US DOJ convention
2019-12,8486,Equipment,7.96,3390.9,53.39,81.28,10.0,DGFT_TRADESTAT_MEIDB_live_aggregated,2026-05-01,Aggregated from country-level DGFT data; HHI = Σ(share²) × 10000 per US DOJ convention
2019-12,8541,Devices,199.88,3943.3,61.32,76.26,40.0,DGFT_TRADESTAT_MEIDB_live_aggregated,2026-05-01,Aggregated from country-level DGFT data; HHI = Σ(share²) × 10000 per US DOJ convention
2019-12,8542,ICs,619.9,2811.9,43.08,81.06,37.0,DGFT_TRADESTAT_MEIDB_live_aggregated,2026-05-01,Aggregated from country-level DGFT data; HHI = Σ(share²) × 10000 per US DOJ convention
2020-01,3818,Raw_Materials,12.54,9359.9,96.73,98.88,8.0,DGFT_TRADESTAT_MEIDB_live_aggregated,2026-05-01,Aggregated from country-level DGFT data; HHI = Σ(share²) × 10000 per US DOJ convention
2020-01,8486,Equipment,1.46,2331.6,34.93,73.29,12.0,DGFT_TRADESTAT_MEIDB_live_aggregated,2026-05-01,Aggregated from country-level DGFT data; HHI = Σ(share²) × 10000 per US DOJ convention
2020-01,8541,Devices,159.24,3016.7,51.9,73.25,38.0,DGFT_TRADESTAT_MEIDB_live_aggregated,2026-05-01,Aggregated from country-level DGFT data; HHI = Σ(share²) × 10000 per US DOJ convention
2020-01,8542,ICs,861.94,2524.7,39.48,77.3,34.0,DGFT_TRADESTAT_MEIDB_live_aggregated,2026-05-01,Aggregated from country-level DGFT data; HHI = Σ(share²) × 10000 per US DOJ convention
2020-02,3818,Raw_Materials,7.83,8144.6,90.17,94.51,12.0,DGFT_TRADESTAT_MEIDB_live_aggregated,2026-05-01,Aggregated from country-level DGFT data; HHI = Σ(share²) × 10000 per US DOJ convention
2020-02,8486,Equipment,1.88,5964.8,76.06,94.15,8.0,DGFT_TRADESTAT_MEIDB_live_aggregated,2026-05-01,Aggregated from country-level DGFT data; HHI = Σ(share²) × 10000 per US DOJ convention
2020-02,8541,Devices,170.59,3822.8,59.9,78.11,38.0,DGFT_TRADESTAT_MEIDB_live_aggregated,2026-05-01,Aggregated from country-level DGFT data; HHI = Σ(share²) × 10000 per US DOJ convention
2020-02,8542,ICs,697.2,2271.3,33.1,76.07,39.0,DGFT_TRADESTAT_MEIDB_live_aggregated,2026-05-01,Aggregated from country-level DGFT data; HHI = Σ(share²) × 10000 per US DOJ convention
2020-03,3818,Raw_Materials,5.9,8952.5,94.58,98.31,7.0,DGFT_TRADESTAT_MEIDB_live_aggregated,2026-05-01,Aggregated from country-level DGFT data; HHI = Σ(share²) × 10000 per US DOJ convention
2020-03,8486,Equipment,3.65,2930.9,36.16,89.86,11.0,DGFT_TRADESTAT_MEIDB_live_aggregated,2026-05-01,Aggregated from country-level DGFT data; HHI = Σ(share²) × 10000 per US DOJ convention
2020-03,8541,Devices,126.61,3393.4,55.94,75.21,36.0,DGFT_TRADESTAT_MEIDB_live_aggregated,2026-05-01,Aggregated from country-level DGFT data; HHI = Σ(share²) × 10000 per US DOJ convention
2020-03,8542,ICs,709.49,2512.6,35.33,77.43,39.0,DGFT_TRADESTAT_MEIDB_live_aggregated,2026-05-01,Aggregated from country-level DGFT data; HHI = Σ(share²) × 10000 per US DOJ convention
2020-05,3818,Raw_Materials,6.13,9709.2,98.53,99.67,5.0,DGFT_TRADESTAT_MEIDB_live_aggregated,2026-05-01,Aggregated from country-level DGFT data; HHI = Σ(share²) × 10000 per US DOJ convention
2020-05,8486,Equipment,1.52,4739.4,63.82,94.08,6.0,DGFT_TRADESTAT_MEIDB_live_aggregated,2026-05-01,Aggregated from country-level DGFT data; HHI = Σ(share²) × 10000 per US DOJ convention
2020-05,8541,Devices,151.95,5048.8,69.96,85.33,33.0,DGFT_TRADESTAT_MEIDB_live_aggregated,2026-05-01,Aggregated from country-level DGFT data; HHI = Σ(share²) × 10000 per US DOJ convention
2020-05,8542,ICs,214.66,1898.7,30.73,68.79,31.0,DGFT_TRADESTAT_MEIDB_live_aggregated,2026-05-01,Aggregated from country-level DGFT data; HHI = Σ(share²) × 10000 per US DOJ convention
2020-06,3818,Raw_Materials,5.1,8758.7,93.53,97.65,8.0,DGFT_TRADESTAT_MEIDB_live_aggregated,2026-05-01,Aggregated from country-level DGFT data; HHI = Σ(share²) × 10000 per US DOJ convention
2020-06,8486,Equipment,8.7,5077.6,69.08,92.18,10.0,DGFT_TRADESTAT_MEIDB_live_aggregated,2026-05-01,Aggregated from country-level DGFT data; HHI = Σ(share²) × 10000 per US DOJ convention
2020-06,8541,Devices,119.27,3497.5,57.32,74.71,34.0,DGFT_TRADESTAT_MEIDB_live_aggregated,2026-05-01,Aggregated from country-level DGFT data; HHI = Σ(share²) × 10000 per US DOJ convention
2020-06,8542,ICs,363.28,2149.1,29.54,75.85,36.0,DGFT_TRADESTAT_MEIDB_live_aggregated,2026-05-01,Aggregated from country-level DGFT data; HHI = Σ(share²) × 10000 per US DOJ convention
2020-07,3818,Raw_Materials,7.18,9373.2,96.8,99.3,5.0,DGFT_TRADESTAT_MEIDB_live_aggregated,2026-05-01,Aggregated from country-level DGFT data; HHI = Σ(share²) × 10000 per US DOJ convention
2020-07,8486,Equipment,1.48,1648.1,27.03,61.49,9.0,DGFT_TRADESTAT_MEIDB_live_aggregated,2026-05-01,Aggregated from country-level DGFT data; HHI = Σ(share²) × 10000 per US DOJ convention
2020-07,8541,Devices,211.45,4513.7,65.9,81.62,39.0,DGFT_TRADESTAT_MEIDB_live_aggregated,2026-05-01,Aggregated from country-level DGFT data; HHI = Σ(share²) × 10000 per US DOJ convention
2020-07,8542,ICs,866.68,2946.3,45.69,80.18,38.0,DGFT_TRADESTAT_MEIDB_live_aggregated,2026-05-01,Aggregated from country-level DGFT data; HHI = Σ(share²) × 10000 per US DOJ convention
2020-08,3818,Raw_Materials,6.96,9574.9,97.84,99.28,6.0,DGFT_TRADESTAT_MEIDB_live_aggregated,2026-05-01,Aggregated from country-level DGFT data; HHI = Σ(share²) × 10000 per US DOJ convention
2020-08,8486,Equipment,1.78,2390.5,32.58,82.02,12.0,DGFT_TRADESTAT_MEIDB_live_aggregated,2026-05-01,Aggregated from country-level DGFT data; HHI = Σ(share²) × 10000 per US DOJ convention
2020-08,8541,Devices,181.86,4514.7,65.44,83.72,38.0,DGFT_TRADESTAT_MEIDB_live_aggregated,2026-05-01,Aggregated from country-level DGFT data; HHI = Σ(share²) × 10000 per US DOJ convention
2020-08,8542,ICs,898.83,2776.3,39.89,81.7,35.0,DGFT_TRADESTAT_MEIDB_live_aggregated,2026-05-01,Aggregated from country-level DGFT data; HHI = Σ(share²) × 10000 per US DOJ convention
2020-09,3818,Raw_Materials,10.71,9685.5,98.41,99.16,8.0,DGFT_TRADESTAT_MEIDB_live_aggregated,2026-05-01,Aggregated from country-level DGFT data; HHI = Σ(share²) × 10000 per US DOJ convention
2020-09,8486,Equipment,1.72,1955.8,37.21,62.79,13.0,DGFT_TRADESTAT_MEIDB_live_aggregated,2026-05-01,Aggregated from country-level DGFT data; HHI = Σ(share²) × 10000 per US DOJ convention
2020-09,8541,Devices,203.56,4126.8,61.97,84.32,37.0,DGFT_TRADESTAT_MEIDB_live_aggregated,2026-05-01,Aggregated from country-level DGFT data; HHI = Σ(share²) × 10000 per US DOJ convention
2020-09,8542,ICs,1103.61,2672.9,41.96,77.24,39.0,DGFT_TRADESTAT_MEIDB_live_aggregated,2026-05-01,Aggregated from country-level DGFT data; HHI = Σ(share²) × 10000 per US DOJ convention
2020-10,3818,Raw_Materials,6.55,8881.9,94.2,97.86,7.0,DGFT_TRADESTAT_MEIDB_live_aggregated,2026-05-01,Aggregated from country-level DGFT data; HHI = Σ(share²) × 10000 per US DOJ convention
2020-10,8486,Equipment,9.04,2895.8,33.41,92.81,10.0,DGFT_TRADESTAT_MEIDB_live_aggregated,2026-05-01,Aggregated from country-level DGFT data; HHI = Σ(share²) × 10000 per US DOJ convention
2020-10,8541,Devices,265.32,5215.6,71.19,86.48,38.0,DGFT_TRADESTAT_MEIDB_live_aggregated,2026-05-01,Aggregated from country-level DGFT data; HHI = Σ(share²) × 10000 per US DOJ convention
2020-10,8542,ICs,893.27,2330.5,34.74,76.43,41.0,DGFT_TRADESTAT_MEIDB_live_aggregated,2026-05-01,Aggregated from country-level DGFT data; HHI = Σ(share²) × 10000 per US DOJ convention
2020-11,3818,Raw_Materials,6.76,9534.0,97.63,99.26,7.0,DGFT_TRADESTAT_MEIDB_live_aggregated,2026-05-01,Aggregated from country-level DGFT data; HHI = Σ(share²) × 10000 per US DOJ convention
2020-11,8486,Equipment,13.52,3051.0,41.64,87.72,10.0,DGFT_TRADESTAT_MEIDB_live_aggregated,2026-05-01,Aggregated from country-level DGFT data; HHI = Σ(share²) × 10000 per US DOJ convention
2020-11,8541,Devices,226.46,5313.5,72.02,86.77,38.0,DGFT_TRADESTAT_MEIDB_live_aggregated,2026-05-01,Aggregated from country-level DGFT data; HHI = Σ(share²) × 10000 per US DOJ convention
2020-11,8542,ICs,851.33,2086.2,33.01,69.96,40.0,DGFT_TRADESTAT_MEIDB_live_aggregated,2026-05-01,Aggregated from country-level DGFT data; HHI = Σ(share²) × 10000 per US DOJ convention
2020-12,3818,Raw_Materials,10.56,9352.2,96.69,99.43,6.0,DGFT_TRADESTAT_MEIDB_live_aggregated,2026-05-01,Aggregated from country-level DGFT data; HHI = Σ(share²) × 10000 per US DOJ convention
2020-12,8486,Equipment,11.81,6339.9,78.32,93.99,13.0,DGFT_TRADESTAT_MEIDB_live_aggregated,2026-05-01,Aggregated from country-level DGFT data; HHI = Σ(share²) × 10000 per US DOJ convention
2020-12,8541,Devices,252.8,4584.1,66.46,82.8,35.0,DGFT_TRADESTAT_MEIDB_live_aggregated,2026-05-01,Aggregated from country-level DGFT data; HHI = Σ(share²) × 10000 per US DOJ convention
2020-12,8542,ICs,850.99,2769.5,36.98,81.67,42.0,DGFT_TRADESTAT_MEIDB_live_aggregated,2026-05-01,Aggregated from country-level DGFT data; HHI = Σ(share²) × 10000 per US DOJ convention
2021-01,3818,Raw_Materials,7.85,9847.9,99.24,99.87,4.0,DGFT_TRADESTAT_MEIDB_live_aggregated,2026-05-01,Aggregated from country-level DGFT data; HHI = Σ(share²) × 10000 per US DOJ convention
2021-01,8486,Equipment,12.64,2407.2,37.58,76.98,11.0,DGFT_TRADESTAT_MEIDB_live_aggregated,2026-05-01,Aggregated from country-level DGFT data; HHI = Σ(share²) × 10000 per US DOJ convention
2021-01,8541,Devices,281.63,4930.7,69.13,85.26,35.0,DGFT_TRADESTAT_MEIDB_live_aggregated,2026-05-01,Aggregated from country-level DGFT data; HHI = Σ(share²) × 10000 per US DOJ convention
2021-01,8542,ICs,950.01,2758.0,40.64,81.48,43.0,DGFT_TRADESTAT_MEIDB_live_aggregated,2026-05-01,Aggregated from country-level DGFT data; HHI = Σ(share²) × 10000 per US DOJ convention
2021-02,3818,Raw_Materials,6.77,9534.2,97.64,98.97,6.0,DGFT_TRADESTAT_MEIDB_live_aggregated,2026-05-01,Aggregated from country-level DGFT data; HHI = Σ(share²) × 10000 per US DOJ convention
2021-02,8486,Equipment,7.14,3362.9,53.22,81.37,16.0,DGFT_TRADESTAT_MEIDB_live_aggregated,2026-05-01,Aggregated from country-level DGFT data; HHI = Σ(share²) × 10000 per US DOJ convention
2021-02,8541,Devices,290.16,5395.2,72.76,85.01,37.0,DGFT_TRADESTAT_MEIDB_live_aggregated,2026-05-01,Aggregated from country-level DGFT data; HHI = Σ(share²) × 10000 per US DOJ convention
2021-02,8542,ICs,940.29,2677.0,40.61,79.64,43.0,DGFT_TRADESTAT_MEIDB_live_aggregated,2026-05-01,Aggregated from country-level DGFT data; HHI = Σ(share²) × 10000 per US DOJ convention
2021-03,3818,Raw_Materials,9.48,9687.0,98.42,99.68,4.0,DGFT_TRADESTAT_MEIDB_live_aggregated,2026-05-01,Aggregated from country-level DGFT data; HHI = Σ(share²) × 10000 per US DOJ convention
2021-03,8486,Equipment,6.18,7496.8,86.25,95.31,10.0,DGFT_TRADESTAT_MEIDB_live_aggregated,2026-05-01,Aggregated from country-level DGFT data; HHI = Σ(share²) × 10000 per US DOJ convention
2021-03,8541,Devices,474.86,6406.0,79.59,90.18,38.0,DGFT_TRADESTAT_MEIDB_live_aggregated,2026-05-01,Aggregated from country-level DGFT data; HHI = Σ(share²) × 10000 per US DOJ convention
2021-03,8542,ICs,1097.95,2415.3,37.55,75.02,39.0,DGFT_TRADESTAT_MEIDB_live_aggregated,2026-05-01,Aggregated from country-level DGFT data; HHI = Σ(share²) × 10000 per US DOJ convention
2021-05,3818,Raw_Materials,11.85,9308.0,96.46,98.82,7.0,DGFT_TRADESTAT_MEIDB_live_aggregated,2026-05-01,Aggregated from country-level DGFT data; HHI = Σ(share²) × 10000 per US DOJ convention
2021-05,8486,Equipment,4.6,3402.4,48.7,90.65,11.0,DGFT_TRADESTAT_MEIDB_live_aggregated,2026-05-01,Aggregated from country-level DGFT data; HHI = Σ(share²) × 10000 per US DOJ convention
2021-05,8541,Devices,342.07,5796.1,75.5,87.99,39.0,DGFT_TRADESTAT_MEIDB_live_aggregated,2026-05-01,Aggregated from country-level DGFT data; HHI = Σ(share²) × 10000 per US DOJ convention
2021-05,8542,ICs,684.43,2681.0,42.01,78.86,40.0,DGFT_TRADESTAT_MEIDB_live_aggregated,2026-05-01,Aggregated from country-level DGFT data; HHI = Σ(share²) × 10000 per US DOJ convention
2021-06,3818,Raw_Materials,12.91,9754.0,98.76,99.46,7.0,DGFT_TRADESTAT_MEIDB_live_aggregated,2026-05-01,Aggregated from country-level DGFT data; HHI = Σ(share²) × 10000 per US DOJ convention
2021-06,8486,Equipment,3.27,2344.3,33.33,77.68,15.0,DGFT_TRADESTAT_MEIDB_live_aggregated,2026-05-01,Aggregated from country-level DGFT data; HHI = Σ(share²) × 10000 per US DOJ convention
2021-06,8541,Devices,371.67,6183.1,78.16,89.32,39.0,DGFT_TRADESTAT_MEIDB_live_aggregated,2026-05-01,Aggregated from country-level DGFT data; HHI = Σ(share²) × 10000 per US DOJ convention
2021-06,8542,ICs,800.26,2593.6,38.71,80.03,44.0,DGFT_TRADESTAT_MEIDB_live_aggregated,2026-05-01,Aggregated from country-level DGFT data; HHI = Σ(share²) × 10000 per US DOJ convention
2021-07,3818,Raw_Materials,14.95,9866.8,99.33,99.8,5.0,DGFT_TRADESTAT_MEIDB_live_aggregated,2026-05-01,Aggregated from country-level DGFT data; HHI = Σ(share²) × 10000 per US DOJ convention
2021-07,8486,Equipment,1.94,1423.6,22.16,55.15,16.0,DGFT_TRADESTAT_MEIDB_live_aggregated,2026-05-01,Aggregated from country-level DGFT data; HHI = Σ(share²) × 10000 per US DOJ convention
2021-07,8541,Devices,329.67,6056.4,77.28,88.66,37.0,DGFT_TRADESTAT_MEIDB_live_aggregated,2026-05-01,Aggregated from country-level DGFT data; HHI = Σ(share²) × 10000 per US DOJ convention
2021-07,8542,ICs,1125.14,2755.3,39.36,78.99,47.0,DGFT_TRADESTAT_MEIDB_live_aggregated,2026-05-01,Aggregated from country-level DGFT data; HHI = Σ(share²) × 10000 per US DOJ convention
2021-08,3818,Raw_Materials,12.43,9462.4,97.26,98.95,6.0,DGFT_TRADESTAT_MEIDB_live_aggregated,2026-05-01,Aggregated from country-level DGFT data; HHI = Σ(share²) × 10000 per US DOJ convention
2021-08,8486,Equipment,5.45,6252.3,78.53,88.44,12.0,DGFT_TRADESTAT_MEIDB_live_aggregated,2026-05-01,Aggregated from country-level DGFT data; HHI = Σ(share²) × 10000 per US DOJ convention
2021-08,8541,Devices,341.68,5711.3,74.74,89.3,35.0,DGFT_TRADESTAT_MEIDB_live_aggregated,2026-05-01,Aggregated from country-level DGFT data; HHI = Σ(share²) × 10000 per US DOJ convention
2021-08,8542,ICs,1414.37,2798.6,42.23,80.36,48.0,DGFT_TRADESTAT_MEIDB_live_aggregated,2026-05-01,Aggregated from country-level DGFT data; HHI = Σ(share²) × 10000 per US DOJ convention
2021-09,3818,Raw_Materials,10.65,9850.5,99.25,99.81,5.0,DGFT_TRADESTAT_MEIDB_live_aggregated,2026-05-01,Aggregated from country-level DGFT data; HHI = Σ(share²) × 10000 per US DOJ convention
2021-09,8486,Equipment,11.39,6922.4,82.88,91.31,12.0,DGFT_TRADESTAT_MEIDB_live_aggregated,2026-05-01,Aggregated from country-level DGFT data; HHI = Σ(share²) × 10000 per US DOJ convention
2021-09,8541,Devices,587.47,6786.6,81.92,92.91,39.0,DGFT_TRADESTAT_MEIDB_live_aggregated,2026-05-01,Aggregated from country-level DGFT data; HHI = Σ(share²) × 10000 per US DOJ convention
2021-09,8542,ICs,1202.69,2185.2,32.89,72.75,42.0,DGFT_TRADESTAT_MEIDB_live_aggregated,2026-05-01,Aggregated from country-level DGFT data; HHI = Σ(share²) × 10000 per US DOJ convention
2021-10,3818,Raw_Materials,13.26,8340.7,91.1,98.87,7.0,DGFT_TRADESTAT_MEIDB_live_aggregated,2026-05-01,Aggregated from country-level DGFT data; HHI = Σ(share²) × 10000 per US DOJ convention
2021-10,8486,Equipment,20.93,5716.8,74.3,91.97,13.0,DGFT_TRADESTAT_MEIDB_live_aggregated,2026-05-01,Aggregated from country-level DGFT data; HHI = Σ(share²) × 10000 per US DOJ convention
2021-10,8541,Devices,558.2,6503.9,79.98,93.34,39.0,DGFT_TRADESTAT_MEIDB_live_aggregated,2026-05-01,Aggregated from country-level DGFT data; HHI = Σ(share²) × 10000 per US DOJ convention
2021-10,8542,ICs,1194.59,2409.2,40.9,73.65,49.0,DGFT_TRADESTAT_MEIDB_live_aggregated,2026-05-01,Aggregated from country-level DGFT data; HHI = Σ(share²) × 10000 per US DOJ convention
2021-11,3818,Raw_Materials,18.35,9729.8,98.64,99.46,6.0,DGFT_TRADESTAT_MEIDB_live_aggregated,2026-05-01,Aggregated from country-level DGFT data; HHI = Σ(share²) × 10000 per US DOJ convention
2021-11,8486,Equipment,26.98,7646.3,86.99,97.0,15.0,DGFT_TRADESTAT_MEIDB_live_aggregated,2026-05-01,Aggregated from country-level DGFT data; HHI = Σ(share²) × 10000 per US DOJ convention
2021-11,8541,Devices,717.16,6267.0,78.13,93.82,38.0,DGFT_TRADESTAT_MEIDB_live_aggregated,2026-05-01,Aggregated from country-level DGFT data; HHI = Σ(share²) × 10000 per US DOJ convention
2021-11,8542,ICs,871.89,1949.2,32.1,69.17,43.0,DGFT_TRADESTAT_MEIDB_live_aggregated,2026-05-01,Aggregated from country-level DGFT data; HHI = Σ(share²) × 10000 per US DOJ convention
2021-12,3818,Raw_Materials,12.8,9584.0,97.89,99.53,6.0,DGFT_TRADESTAT_MEIDB_live_aggregated,2026-05-01,Aggregated from country-level DGFT data; HHI = Σ(share²) × 10000 per US DOJ convention
2021-12,8486,Equipment,11.59,7990.6,89.3,93.7,13.0,DGFT_TRADESTAT_MEIDB_live_aggregated,2026-05-01,Aggregated from country-level DGFT data; HHI = Σ(share²) × 10000 per US DOJ convention
2021-12,8541,Devices,544.62,6305.1,78.91,89.89,39.0,DGFT_TRADESTAT_MEIDB_live_aggregated,2026-05-01,Aggregated from country-level DGFT data; HHI = Σ(share²) × 10000 per US DOJ convention
2021-12,8542,ICs,1086.36,1797.7,28.57,66.62,42.0,DGFT_TRADESTAT_MEIDB_live_aggregated,2026-05-01,Aggregated from country-level DGFT data; HHI = Σ(share²) × 10000 per US DOJ convention
2022-01,3818,Raw_Materials,15.33,9767.2,98.83,99.8,4.0,DGFT_TRADESTAT_MEIDB_live_aggregated,2026-05-01,Aggregated from country-level DGFT data; HHI = Σ(share²) × 10000 per US DOJ convention
2022-01,8486,Equipment,24.7,6854.2,82.31,92.39,16.0,DGFT_TRADESTAT_MEIDB_live_aggregated,2026-05-01,Aggregated from country-level DGFT data; HHI = Σ(share²) × 10000 per US DOJ convention
2022-01,8541,Devices,891.07,7434.8,86.0,93.58,34.0,DGFT_TRADESTAT_MEIDB_live_aggregated,2026-05-01,Aggregated from country-level DGFT data; HHI = Σ(share²) × 10000 per US DOJ convention
2022-01,8542,ICs,1361.15,2524.1,35.95,78.37,42.0,DGFT_TRADESTAT_MEIDB_live_aggregated,2026-05-01,Aggregated from country-level DGFT data; HHI = Σ(share²) × 10000 per US DOJ convention
2022-02,3818,Raw_Materials,17.12,9539.7,97.66,99.18,7.0,DGFT_TRADESTAT_MEIDB_live_aggregated,2026-05-01,Aggregated from country-level DGFT data; HHI = Σ(share²) × 10000 per US DOJ convention
2022-02,8486,Equipment,14.15,6634.3,80.99,91.87,12.0,DGFT_TRADESTAT_MEIDB_live_aggregated,2026-05-01,Aggregated from country-level DGFT data; HHI = Σ(share²) × 10000 per US DOJ convention
2022-02,8541,Devices,876.26,7527.0,86.56,93.75,37.0,DGFT_TRADESTAT_MEIDB_live_aggregated,2026-05-01,Aggregated from country-level DGFT data; HHI = Σ(share²) × 10000 per US DOJ convention
2022-02,8542,ICs,1348.07,2463.8,37.46,78.92,40.0,DGFT_TRADESTAT_MEIDB_live_aggregated,2026-05-01,Aggregated from country-level DGFT data; HHI = Σ(share²) × 10000 per US DOJ convention
2022-03,3818,Raw_Materials,15.18,9584.3,97.89,99.54,6.0,DGFT_TRADESTAT_MEIDB_live_aggregated,2026-05-01,Aggregated from country-level DGFT data; HHI = Σ(share²) × 10000 per US DOJ convention
2022-03,8486,Equipment,17.72,6474.7,80.08,88.6,17.0,DGFT_TRADESTAT_MEIDB_live_aggregated,2026-05-01,Aggregated from country-level DGFT data; HHI = Σ(share²) × 10000 per US DOJ convention
2022-03,8541,Devices,2080.31,8576.8,92.54,97.17,40.0,DGFT_TRADESTAT_MEIDB_live_aggregated,2026-05-01,Aggregated from country-level DGFT data; HHI = Σ(share²) × 10000 per US DOJ convention
2022-03,8542,ICs,1536.87,2226.9,31.59,75.21,48.0,DGFT_TRADESTAT_MEIDB_live_aggregated,2026-05-01,Aggregated from country-level DGFT data; HHI = Σ(share²) × 10000 per US DOJ convention
2022-05,3818,Raw_Materials,13.29,9584.0,97.89,98.95,8.0,DGFT_TRADESTAT_MEIDB_live_aggregated,2026-05-01,Aggregated from country-level DGFT data; HHI = Σ(share²) × 10000 per US DOJ convention
2022-05,8486,Equipment,11.11,6508.5,79.75,95.95,11.0,DGFT_TRADESTAT_MEIDB_live_aggregated,2026-05-01,Aggregated from country-level DGFT data; HHI = Σ(share²) × 10000 per US DOJ convention
2022-05,8541,Devices,150.61,2720.4,48.04,73.41,40.0,DGFT_TRADESTAT_MEIDB_live_aggregated,2026-05-01,Aggregated from country-level DGFT data; HHI = Σ(share²) × 10000 per US DOJ convention
2022-05,8542,ICs,1281.75,2010.6,33.89,70.21,45.0,DGFT_TRADESTAT_MEIDB_live_aggregated,2026-05-01,Aggregated from country-level DGFT data; HHI = Σ(share²) × 10000 per US DOJ convention
2022-06,3818,Raw_Materials,10.08,9263.1,96.23,98.31,10.0,DGFT_TRADESTAT_MEIDB_live_aggregated,2026-05-01,Aggregated from country-level DGFT data; HHI = Σ(share²) × 10000 per US DOJ convention
2022-06,8486,Equipment,21.71,6324.6,78.54,95.53,13.0,DGFT_TRADESTAT_MEIDB_live_aggregated,2026-05-01,Aggregated from country-level DGFT data; HHI = Σ(share²) × 10000 per US DOJ convention
2022-06,8541,Devices,235.61,2425.0,44.19,70.89,38.0,DGFT_TRADESTAT_MEIDB_live_aggregated,2026-05-01,Aggregated from country-level DGFT data; HHI = Σ(share²) × 10000 per US DOJ convention
2022-06,8542,ICs,1104.12,2070.4,35.45,69.52,44.0,DGFT_TRADESTAT_MEIDB_live_aggregated,2026-05-01,Aggregated from country-level DGFT data; HHI = Σ(share²) × 10000 per US DOJ convention
2022-07,3818,Raw_Materials,17.49,9750.4,98.74,99.49,7.0,DGFT_TRADESTAT_MEIDB_live_aggregated,2026-05-01,Aggregated from country-level DGFT data; HHI = Σ(share²) × 10000 per US DOJ convention
2022-07,8486,Equipment,24.82,9075.5,95.25,97.54,12.0,DGFT_TRADESTAT_MEIDB_live_aggregated,2026-05-01,Aggregated from country-level DGFT data; HHI = Σ(share²) × 10000 per US DOJ convention
2022-07,8541,Devices,231.8,2930.7,50.85,72.47,39.0,DGFT_TRADESTAT_MEIDB_live_aggregated,2026-05-01,Aggregated from country-level DGFT data; HHI = Σ(share²) × 10000 per US DOJ convention
2022-07,8542,ICs,1280.52,1965.4,33.24,69.12,44.0,DGFT_TRADESTAT_MEIDB_live_aggregated,2026-05-01,Aggregated from country-level DGFT data; HHI = Σ(share²) × 10000 per US DOJ convention
2022-08,3818,Raw_Materials,18.69,9872.1,99.36,99.84,5.0,DGFT_TRADESTAT_MEIDB_live_aggregated,2026-05-01,Aggregated from country-level DGFT data; HHI = Σ(share²) × 10000 per US DOJ convention
2022-08,8486,Equipment,13.53,7811.4,88.25,93.64,15.0,DGFT_TRADESTAT_MEIDB_live_aggregated,2026-05-01,Aggregated from country-level DGFT data; HHI = Σ(share²) × 10000 per US DOJ convention
2022-08,8541,Devices,295.72,3479.5,56.8,73.86,39.0,DGFT_TRADESTAT_MEIDB_live_aggregated,2026-05-01,Aggregated from country-level DGFT data; HHI = Σ(share²) × 10000 per US DOJ convention
2022-08,8542,ICs,1434.53,1830.4,26.43,69.32,46.0,DGFT_TRADESTAT_MEIDB_live_aggregated,2026-05-01,Aggregated from country-level DGFT data; HHI = Σ(share²) × 10000 per US DOJ convention
2022-09,3818,Raw_Materials,14.95,9866.8,99.33,99.8,5.0,DGFT_TRADESTAT_MEIDB_live_aggregated,2026-05-01,Aggregated from country-level DGFT data; HHI = Σ(share²) × 10000 per US DOJ convention
2022-09,8486,Equipment,19.51,6720.5,81.04,95.28,15.0,DGFT_TRADESTAT_MEIDB_live_aggregated,2026-05-01,Aggregated from country-level DGFT data; HHI = Σ(share²) × 10000 per US DOJ convention
2022-09,8541,Devices,267.56,2554.6,46.02,69.12,40.0,DGFT_TRADESTAT_MEIDB_live_aggregated,2026-05-01,Aggregated from country-level DGFT data; HHI = Σ(share²) × 10000 per US DOJ convention
2022-09,8542,ICs,1589.76,1967.2,30.87,69.55,50.0,DGFT_TRADESTAT_MEIDB_live_aggregated,2026-05-01,Aggregated from country-level DGFT data; HHI = Σ(share²) × 10000 per US DOJ convention
2022-10,3818,Raw_Materials,14.05,9717.8,98.58,99.36,6.0,DGFT_TRADESTAT_MEIDB_live_aggregated,2026-05-01,Aggregated from country-level DGFT data; HHI = Σ(share²) × 10000 per US DOJ convention
2022-10,8486,Equipment,24.66,6247.5,78.06,92.9,13.0,DGFT_TRADESTAT_MEIDB_live_aggregated,2026-05-01,Aggregated from country-level DGFT data; HHI = Σ(share²) × 10000 per US DOJ convention
2022-10,8541,Devices,263.26,1990.4,38.28,63.81,41.0,DGFT_TRADESTAT_MEIDB_live_aggregated,2026-05-01,Aggregated from country-level DGFT data; HHI = Σ(share²) × 10000 per US DOJ convention
2022-10,8542,ICs,1215.3,1641.4,26.48,62.61,47.0,DGFT_TRADESTAT_MEIDB_live_aggregated,2026-05-01,Aggregated from country-level DGFT data; HHI = Σ(share²) × 10000 per US DOJ convention
2022-11,3818,Raw_Materials,15.29,9460.8,97.25,99.35,6.0,DGFT_TRADESTAT_MEIDB_live_aggregated,2026-05-01,Aggregated from country-level DGFT data; HHI = Σ(share²) × 10000 per US DOJ convention
2022-11,8486,Equipment,14.43,5152.1,70.48,86.69,13.0,DGFT_TRADESTAT_MEIDB_live_aggregated,2026-05-01,Aggregated from country-level DGFT data; HHI = Σ(share²) × 10000 per US DOJ convention
2022-11,8541,Devices,266.07,1603.6,28.9,59.5,42.0,DGFT_TRADESTAT_MEIDB_live_aggregated,2026-05-01,Aggregated from country-level DGFT data; HHI = Σ(share²) × 10000 per US DOJ convention
2022-11,8542,ICs,1169.98,1629.4,25.28,62.58,43.0,DGFT_TRADESTAT_MEIDB_live_aggregated,2026-05-01,Aggregated from country-level DGFT data; HHI = Σ(share²) × 10000 per US DOJ convention
2022-12,3818,Raw_Materials,16.77,9798.6,98.99,99.64,6.0,DGFT_TRADESTAT_MEIDB_live_aggregated,2026-05-01,Aggregated from country-level DGFT data; HHI = Σ(share²) × 10000 per US DOJ convention
2022-12,8486,Equipment,106.94,6579.8,78.7,98.63,15.0,DGFT_TRADESTAT_MEIDB_live_aggregated,2026-05-01,Aggregated from country-level DGFT data; HHI = Σ(share²) × 10000 per US DOJ convention
2022-12,8541,Devices,278.33,1684.3,33.34,58.46,39.0,DGFT_TRADESTAT_MEIDB_live_aggregated,2026-05-01,Aggregated from country-level DGFT data; HHI = Σ(share²) × 10000 per US DOJ convention
2022-12,8542,ICs,1277.61,1638.7,29.49,60.09,47.0,DGFT_TRADESTAT_MEIDB_live_aggregated,2026-05-01,Aggregated from country-level DGFT data; HHI = Σ(share²) × 10000 per US DOJ convention
2023-01,3818,Raw_Materials,11.84,9682.5,98.4,99.66,6.0,DGFT_TRADESTAT_MEIDB_live_aggregated,2026-05-01,Aggregated from country-level DGFT data; HHI = Σ(share²) × 10000 per US DOJ convention
2023-01,8486,Equipment,62.37,3804.1,50.91,89.98,15.0,DGFT_TRADESTAT_MEIDB_live_aggregated,2026-05-01,Aggregated from country-level DGFT data; HHI = Σ(share²) × 10000 per US DOJ convention
2023-01,8541,Devices,302.07,2329.9,43.2,69.06,38.0,DGFT_TRADESTAT_MEIDB_live_aggregated,2026-05-01,Aggregated from country-level DGFT data; HHI = Σ(share²) × 10000 per US DOJ convention
2023-01,8542,ICs,1301.3,1523.8,26.15,56.94,43.0,DGFT_TRADESTAT_MEIDB_live_aggregated,2026-05-01,Aggregated from country-level DGFT data; HHI = Σ(share²) × 10000 per US DOJ convention
2023-02,3818,Raw_Materials,22.43,8200.0,90.33,98.93,7.0,DGFT_TRADESTAT_MEIDB_live_aggregated,2026-05-01,Aggregated from country-level DGFT data; HHI = Σ(share²) × 10000 per US DOJ convention
2023-02,8486,Equipment,117.22,3000.2,38.87,84.3,14.0,DGFT_TRADESTAT_MEIDB_live_aggregated,2026-05-01,Aggregated from country-level DGFT data; HHI = Σ(share²) × 10000 per US DOJ convention
2023-02,8541,Devices,386.92,3159.2,53.82,71.34,40.0,DGFT_TRADESTAT_MEIDB_live_aggregated,2026-05-01,Aggregated from country-level DGFT data; HHI = Σ(share²) × 10000 per US DOJ convention
2023-02,8542,ICs,1280.06,1519.9,26.4,56.55,45.0,DGFT_TRADESTAT_MEIDB_live_aggregated,2026-05-01,Aggregated from country-level DGFT data; HHI = Σ(share²) × 10000 per US DOJ convention
2023-03,3818,Raw_Materials,30.08,9742.9,98.7,99.67,7.0,DGFT_TRADESTAT_MEIDB_live_aggregated,2026-05-01,Aggregated from country-level DGFT data; HHI = Σ(share²) × 10000 per US DOJ convention
2023-03,8486,Equipment,136.82,2583.1,34.83,84.78,18.0,DGFT_TRADESTAT_MEIDB_live_aggregated,2026-05-01,Aggregated from country-level DGFT data; HHI = Σ(share²) × 10000 per US DOJ convention
2023-03,8541,Devices,540.82,2867.9,50.31,70.53,39.0,DGFT_TRADESTAT_MEIDB_live_aggregated,2026-05-01,Aggregated from country-level DGFT data; HHI = Σ(share²) × 10000 per US DOJ convention
2023-03,8542,ICs,1669.94,1531.3,25.43,59.41,45.0,DGFT_TRADESTAT_MEIDB_live_aggregated,2026-05-01,Aggregated from country-level DGFT data; HHI = Σ(share²) × 10000 per US DOJ convention
2023-05,3818,Raw_Materials,26.71,7195.7,83.6,98.46,8.0,DGFT_TRADESTAT_MEIDB_live_aggregated,2026-05-01,Aggregated from country-level DGFT data; HHI = Σ(share²) × 10000 per US DOJ convention
2023-05,8486,Equipment,47.35,3703.0,49.19,89.17,15.0,DGFT_TRADESTAT_MEIDB_live_aggregated,2026-05-01,Aggregated from country-level DGFT data; HHI = Σ(share²) × 10000 per US DOJ convention
2023-05,8541,Devices,498.88,2169.4,40.59,65.39,43.0,DGFT_TRADESTAT_MEIDB_live_aggregated,2026-05-01,Aggregated from country-level DGFT data; HHI = Σ(share²) × 10000 per US DOJ convention
2023-05,8542,ICs,1455.51,1757.6,29.56,63.33,44.0,DGFT_TRADESTAT_MEIDB_live_aggregated,2026-05-01,Aggregated from country-level DGFT data; HHI = Σ(share²) × 10000 per US DOJ convention
2023-06,3818,Raw_Materials,17.86,4972.9,58.01,98.71,7.0,DGFT_TRADESTAT_MEIDB_live_aggregated,2026-05-01,Aggregated from country-level DGFT data; HHI = Σ(share²) × 10000 per US DOJ convention
2023-06,8486,Equipment,62.07,5163.9,66.1,95.88,15.0,DGFT_TRADESTAT_MEIDB_live_aggregated,2026-05-01,Aggregated from country-level DGFT data; HHI = Σ(share²) × 10000 per US DOJ convention
2023-06,8541,Devices,418.91,1976.1,37.43,64.21,40.0,DGFT_TRADESTAT_MEIDB_live_aggregated,2026-05-01,Aggregated from country-level DGFT data; HHI = Σ(share²) × 10000 per US DOJ convention
2023-06,8542,ICs,1529.62,2040.5,35.07,68.91,42.0,DGFT_TRADESTAT_MEIDB_live_aggregated,2026-05-01,Aggregated from country-level DGFT data; HHI = Σ(share²) × 10000 per US DOJ convention
2023-07,3818,Raw_Materials,22.55,7970.6,88.74,98.98,9.0,DGFT_TRADESTAT_MEIDB_live_aggregated,2026-05-01,Aggregated from country-level DGFT data; HHI = Σ(share²) × 10000 per US DOJ convention
2023-07,8486,Equipment,52.94,6673.6,80.64,95.41,16.0,DGFT_TRADESTAT_MEIDB_live_aggregated,2026-05-01,Aggregated from country-level DGFT data; HHI = Σ(share²) × 10000 per US DOJ convention
2023-07,8541,Devices,499.34,2239.9,41.33,68.53,38.0,DGFT_TRADESTAT_MEIDB_live_aggregated,2026-05-01,Aggregated from country-level DGFT data; HHI = Σ(share²) × 10000 per US DOJ convention
2023-07,8542,ICs,1863.4,1717.8,28.63,62.18,43.0,DGFT_TRADESTAT_MEIDB_live_aggregated,2026-05-01,Aggregated from country-level DGFT data; HHI = Σ(share²) × 10000 per US DOJ convention
2023-08,3818,Raw_Materials,51.3,8949.2,94.46,99.71,7.0,DGFT_TRADESTAT_MEIDB_live_aggregated,2026-05-01,Aggregated from country-level DGFT data; HHI = Σ(share²) × 10000 per US DOJ convention
2023-08,8486,Equipment,79.22,7757.8,87.93,93.88,13.0,DGFT_TRADESTAT_MEIDB_live_aggregated,2026-05-01,Aggregated from country-level DGFT data; HHI = Σ(share²) × 10000 per US DOJ convention
2023-08,8541,Devices,566.18,2469.8,42.03,73.62,39.0,DGFT_TRADESTAT_MEIDB_live_aggregated,2026-05-01,Aggregated from country-level DGFT data; HHI = Σ(share²) × 10000 per US DOJ convention
2023-08,8542,ICs,1843.09,1770.6,28.0,62.82,47.0,DGFT_TRADESTAT_MEIDB_live_aggregated,2026-05-01,Aggregated from country-level DGFT data; HHI = Σ(share²) × 10000 per US DOJ convention
2023-09,3818,Raw_Materials,17.25,9815.6,99.07,99.65,6.0,DGFT_TRADESTAT_MEIDB_live_aggregated,2026-05-01,Aggregated from country-level DGFT data; HHI = Σ(share²) × 10000 per US DOJ convention
2023-09,8486,Equipment,85.11,6030.0,76.61,90.6,12.0,DGFT_TRADESTAT_MEIDB_live_aggregated,2026-05-01,Aggregated from country-level DGFT data; HHI = Σ(share²) × 10000 per US DOJ convention
2023-09,8541,Devices,610.27,2873.5,49.89,72.62,43.0,DGFT_TRADESTAT_MEIDB_live_aggregated,2026-05-01,Aggregated from country-level DGFT data; HHI = Σ(share²) × 10000 per US DOJ convention
2023-09,8542,ICs,1935.42,1910.4,27.94,67.93,47.0,DGFT_TRADESTAT_MEIDB_live_aggregated,2026-05-01,Aggregated from country-level DGFT data; HHI = Σ(share²) × 10000 per US DOJ convention
2023-10,3818,Raw_Materials,40.03,9816.3,99.08,99.7,7.0,DGFT_TRADESTAT_MEIDB_live_aggregated,2026-05-01,Aggregated from country-level DGFT data; HHI = Σ(share²) × 10000 per US DOJ convention
2023-10,8486,Equipment,170.24,8790.4,93.7,97.8,17.0,DGFT_TRADESTAT_MEIDB_live_aggregated,2026-05-01,Aggregated from country-level DGFT data; HHI = Σ(share²) × 10000 per US DOJ convention
2023-10,8541,Devices,781.79,3787.8,59.22,79.5,41.0,DGFT_TRADESTAT_MEIDB_live_aggregated,2026-05-01,Aggregated from country-level DGFT data; HHI = Σ(share²) × 10000 per US DOJ convention
2023-10,8542,ICs,1534.15,1796.8,26.67,64.98,48.0,DGFT_TRADESTAT_MEIDB_live_aggregated,2026-05-01,Aggregated from country-level DGFT data; HHI = Σ(share²) × 10000 per US DOJ convention
2023-11,3818,Raw_Materials,28.41,9542.5,97.68,99.37,8.0,DGFT_TRADESTAT_MEIDB_live_aggregated,2026-05-01,Aggregated from country-level DGFT data; HHI = Σ(share²) × 10000 per US DOJ convention
2023-11,8486,Equipment,107.62,5236.5,69.62,93.24,13.0,DGFT_TRADESTAT_MEIDB_live_aggregated,2026-05-01,Aggregated from country-level DGFT data; HHI = Σ(share²) × 10000 per US DOJ convention
2023-11,8541,Devices,714.4,3935.8,60.29,81.72,39.0,DGFT_TRADESTAT_MEIDB_live_aggregated,2026-05-01,Aggregated from country-level DGFT data; HHI = Σ(share²) × 10000 per US DOJ convention
2023-11,8542,ICs,1531.27,1783.5,28.08,64.87,41.0,DGFT_TRADESTAT_MEIDB_live_aggregated,2026-05-01,Aggregated from country-level DGFT data; HHI = Σ(share²) × 10000 per US DOJ convention
2023-12,3818,Raw_Materials,31.35,9772.0,98.85,99.49,8.0,DGFT_TRADESTAT_MEIDB_live_aggregated,2026-05-01,Aggregated from country-level DGFT data; HHI = Σ(share²) × 10000 per US DOJ convention
2023-12,8486,Equipment,99.95,6002.1,75.56,94.45,16.0,DGFT_TRADESTAT_MEIDB_live_aggregated,2026-05-01,Aggregated from country-level DGFT data; HHI = Σ(share²) × 10000 per US DOJ convention
2023-12,8541,Devices,969.64,4727.7,67.53,83.02,43.0,DGFT_TRADESTAT_MEIDB_live_aggregated,2026-05-01,Aggregated from country-level DGFT data; HHI = Σ(share²) × 10000 per US DOJ convention
2023-12,8542,ICs,1837.44,1819.5,29.38,66.01,43.0,DGFT_TRADESTAT_MEIDB_live_aggregated,2026-05-01,Aggregated from country-level DGFT data; HHI = Σ(share²) × 10000 per US DOJ convention
2024-01,3818,Raw_Materials,29.01,9842.2,99.21,99.69,5.0,DGFT_TRADESTAT_MEIDB_live_aggregated,2026-05-01,Aggregated from country-level DGFT data; HHI = Σ(share²) × 10000 per US DOJ convention
2024-01,8486,Equipment,65.01,5410.3,72.33,89.49,16.0,DGFT_TRADESTAT_MEIDB_live_aggregated,2026-05-01,Aggregated from country-level DGFT data; HHI = Σ(share²) × 10000 per US DOJ convention
2024-01,8541,Devices,1012.79,4699.7,66.84,86.21,40.0,DGFT_TRADESTAT_MEIDB_live_aggregated,2026-05-01,Aggregated from country-level DGFT data; HHI = Σ(share²) × 10000 per US DOJ convention
2024-01,8542,ICs,2082.6,2050.6,31.28,73.14,40.0,DGFT_TRADESTAT_MEIDB_live_aggregated,2026-05-01,Aggregated from country-level DGFT data; HHI = Σ(share²) × 10000 per US DOJ convention
2024-02,3818,Raw_Materials,23.84,9709.0,98.53,99.37,10.0,DGFT_TRADESTAT_MEIDB_live_aggregated,2026-05-01,Aggregated from country-level DGFT data; HHI = Σ(share²) × 10000 per US DOJ convention
2024-02,8486,Equipment,38.25,4313.6,62.43,86.93,13.0,DGFT_TRADESTAT_MEIDB_live_aggregated,2026-05-01,Aggregated from country-level DGFT data; HHI = Σ(share²) × 10000 per US DOJ convention
2024-02,8541,Devices,757.53,4478.8,65.48,81.28,39.0,DGFT_TRADESTAT_MEIDB_live_aggregated,2026-05-01,Aggregated from country-level DGFT data; HHI = Σ(share²) × 10000 per US DOJ convention
2024-02,8542,ICs,1749.7,1807.8,24.9,65.84,43.0,DGFT_TRADESTAT_MEIDB_live_aggregated,2026-05-01,Aggregated from country-level DGFT data; HHI = Σ(share²) × 10000 per US DOJ convention
2024-03,3818,Raw_Materials,13.84,9544.2,97.69,99.06,7.0,DGFT_TRADESTAT_MEIDB_live_aggregated,2026-05-01,Aggregated from country-level DGFT data; HHI = Σ(share²) × 10000 per US DOJ convention
2024-03,8486,Equipment,44.86,4012.5,59.14,86.83,17.0,DGFT_TRADESTAT_MEIDB_live_aggregated,2026-05-01,Aggregated from country-level DGFT data; HHI = Σ(share²) × 10000 per US DOJ convention
2024-03,8541,Devices,682.52,4296.6,63.78,82.25,43.0,DGFT_TRADESTAT_MEIDB_live_aggregated,2026-05-01,Aggregated from country-level DGFT data; HHI = Σ(share²) × 10000 per US DOJ convention
2024-03,8542,ICs,1916.84,1839.3,28.62,67.11,45.0,DGFT_TRADESTAT_MEIDB_live_aggregated,2026-05-01,Aggregated from country-level DGFT data; HHI = Σ(share²) × 10000 per US DOJ convention
2024-05,3818,Raw_Materials,6.79,9084.9,95.29,98.23,8.0,DGFT_TRADESTAT_MEIDB_live_aggregated,2026-05-01,Aggregated from country-level DGFT data; HHI = Σ(share²) × 10000 per US DOJ convention
2024-05,8486,Equipment,65.41,4201.4,55.28,92.83,16.0,DGFT_TRADESTAT_MEIDB_live_aggregated,2026-05-01,Aggregated from country-level DGFT data; HHI = Σ(share²) × 10000 per US DOJ convention
2024-05,8541,Devices,334.96,2653.9,46.87,73.35,42.0,DGFT_TRADESTAT_MEIDB_live_aggregated,2026-05-01,Aggregated from country-level DGFT data; HHI = Σ(share²) × 10000 per US DOJ convention
2024-05,8542,ICs,1921.58,1987.9,32.46,70.24,43.0,DGFT_TRADESTAT_MEIDB_live_aggregated,2026-05-01,Aggregated from country-level DGFT data; HHI = Σ(share²) × 10000 per US DOJ convention
2024-06,3818,Raw_Materials,15.08,9672.1,98.34,99.6,6.0,DGFT_TRADESTAT_MEIDB_live_aggregated,2026-05-01,Aggregated from country-level DGFT data; HHI = Σ(share²) × 10000 per US DOJ convention
2024-06,8486,Equipment,138.35,5154.2,65.38,97.07,19.0,DGFT_TRADESTAT_MEIDB_live_aggregated,2026-05-01,Aggregated from country-level DGFT data; HHI = Σ(share²) × 10000 per US DOJ convention
2024-06,8541,Devices,371.56,4087.4,62.21,80.72,42.0,DGFT_TRADESTAT_MEIDB_live_aggregated,2026-05-01,Aggregated from country-level DGFT data; HHI = Σ(share²) × 10000 per US DOJ convention
2024-06,8542,ICs,1845.76,2190.1,38.08,69.46,41.0,DGFT_TRADESTAT_MEIDB_live_aggregated,2026-05-01,Aggregated from country-level DGFT data; HHI = Σ(share²) × 10000 per US DOJ convention
2024-07,3818,Raw_Materials,11.16,8033.8,89.25,98.66,6.0,DGFT_TRADESTAT_MEIDB_live_aggregated,2026-05-01,Aggregated from country-level DGFT data; HHI = Σ(share²) × 10000 per US DOJ convention
2024-07,8486,Equipment,104.6,6135.2,76.9,95.42,17.0,DGFT_TRADESTAT_MEIDB_live_aggregated,2026-05-01,Aggregated from country-level DGFT data; HHI = Σ(share²) × 10000 per US DOJ convention
2024-07,8541,Devices,524.98,4599.8,66.79,80.09,42.0,DGFT_TRADESTAT_MEIDB_live_aggregated,2026-05-01,Aggregated from country-level DGFT data; HHI = Σ(share²) × 10000 per US DOJ convention
2024-07,8542,ICs,2305.68,2200.8,37.04,70.24,44.0,DGFT_TRADESTAT_MEIDB_live_aggregated,2026-05-01,Aggregated from country-level DGFT data; HHI = Σ(share²) × 10000 per US DOJ convention
2024-08,3818,Raw_Materials,11.1,9083.9,95.23,99.73,5.0,DGFT_TRADESTAT_MEIDB_live_aggregated,2026-05-01,Aggregated from country-level DGFT data; HHI = Σ(share²) × 10000 per US DOJ convention
2024-08,8486,Equipment,155.12,8708.0,93.26,97.23,13.0,DGFT_TRADESTAT_MEIDB_live_aggregated,2026-05-01,Aggregated from country-level DGFT data; HHI = Σ(share²) × 10000 per US DOJ convention
2024-08,8541,Devices,511.48,5060.4,70.22,84.03,37.0,DGFT_TRADESTAT_MEIDB_live_aggregated,2026-05-01,Aggregated from country-level DGFT data; HHI = Σ(share²) × 10000 per US DOJ convention
2024-08,8542,ICs,2279.44,2285.3,37.41,72.61,39.0,DGFT_TRADESTAT_MEIDB_live_aggregated,2026-05-01,Aggregated from country-level DGFT data; HHI = Σ(share²) × 10000 per US DOJ convention
2024-09,3818,Raw_Materials,10.41,9546.4,97.69,99.52,5.0,DGFT_TRADESTAT_MEIDB_live_aggregated,2026-05-01,Aggregated from country-level DGFT data; HHI = Σ(share²) × 10000 per US DOJ convention
2024-09,8486,Equipment,138.37,7830.1,88.31,95.17,16.0,DGFT_TRADESTAT_MEIDB_live_aggregated,2026-05-01,Aggregated from country-level DGFT data; HHI = Σ(share²) × 10000 per US DOJ convention
2024-09,8541,Devices,461.12,5439.8,73.06,84.56,40.0,DGFT_TRADESTAT_MEIDB_live_aggregated,2026-05-01,Aggregated from country-level DGFT data; HHI = Σ(share²) × 10000 per US DOJ convention
2024-09,8542,ICs,2048.15,2259.2,37.69,73.72,42.0,DGFT_TRADESTAT_MEIDB_live_aggregated,2026-05-01,Aggregated from country-level DGFT data; HHI = Σ(share²) × 10000 per US DOJ convention
2024-10,3818,Raw_Materials,22.77,9550.4,97.72,99.6,6.0,DGFT_TRADESTAT_MEIDB_live_aggregated,2026-05-01,Aggregated from country-level DGFT data; HHI = Σ(share²) × 10000 per US DOJ convention
2024-10,8486,Equipment,53.51,7748.4,87.89,93.23,16.0,DGFT_TRADESTAT_MEIDB_live_aggregated,2026-05-01,Aggregated from country-level DGFT data; HHI = Σ(share²) × 10000 per US DOJ convention
2024-10,8541,Devices,439.14,4607.5,66.76,80.55,40.0,DGFT_TRADESTAT_MEIDB_live_aggregated,2026-05-01,Aggregated from country-level DGFT data; HHI = Σ(share²) × 10000 per US DOJ convention
2024-10,8542,ICs,1954.99,1833.2,29.76,67.44,44.0,DGFT_TRADESTAT_MEIDB_live_aggregated,2026-05-01,Aggregated from country-level DGFT data; HHI = Σ(share²) × 10000 per US DOJ convention
2024-11,3818,Raw_Materials,12.21,9439.9,97.13,99.92,4.0,DGFT_TRADESTAT_MEIDB_live_aggregated,2026-05-01,Aggregated from country-level DGFT data; HHI = Σ(share²) × 10000 per US DOJ convention
2024-11,8486,Equipment,85.28,5067.4,63.34,97.02,12.0,DGFT_TRADESTAT_MEIDB_live_aggregated,2026-05-01,Aggregated from country-level DGFT data; HHI = Σ(share²) × 10000 per US DOJ convention
2024-11,8541,Devices,341.12,4008.4,61.69,76.84,40.0,DGFT_TRADESTAT_MEIDB_live_aggregated,2026-05-01,Aggregated from country-level DGFT data; HHI = Σ(share²) × 10000 per US DOJ convention
2024-11,8542,ICs,2026.55,1854.1,31.93,65.8,41.0,DGFT_TRADESTAT_MEIDB_live_aggregated,2026-05-01,Aggregated from country-level DGFT data; HHI = Σ(share²) × 10000 per US DOJ convention
2024-12,3818,Raw_Materials,28.23,7687.8,86.82,99.43,6.0,DGFT_TRADESTAT_MEIDB_live_aggregated,2026-05-01,Aggregated from country-level DGFT data; HHI = Σ(share²) × 10000 per US DOJ convention
2024-12,8486,Equipment,94.44,4702.7,62.11,93.51,17.0,DGFT_TRADESTAT_MEIDB_live_aggregated,2026-05-01,Aggregated from country-level DGFT data; HHI = Σ(share²) × 10000 per US DOJ convention
2024-12,8541,Devices,412.59,4174.0,63.07,80.12,39.0,DGFT_TRADESTAT_MEIDB_live_aggregated,2026-05-01,Aggregated from country-level DGFT data; HHI = Σ(share²) × 10000 per US DOJ convention
2024-12,8542,ICs,1961.41,2069.3,35.69,71.29,45.0,DGFT_TRADESTAT_MEIDB_live_aggregated,2026-05-01,Aggregated from country-level DGFT data; HHI = Σ(share²) × 10000 per US DOJ convention
2025-01,3818,Raw_Materials,9.01,7706.5,87.13,99.78,5.0,DGFT_TRADESTAT_MEIDB_live_aggregated,2026-05-01,Aggregated from country-level DGFT data; HHI = Σ(share²) × 10000 per US DOJ convention
2025-01,8486,Equipment,48.45,7841.2,88.4,94.26,15.0,DGFT_TRADESTAT_MEIDB_live_aggregated,2026-05-01,Aggregated from country-level DGFT data; HHI = Σ(share²) × 10000 per US DOJ convention
2025-01,8541,Devices,641.47,4693.7,67.3,81.91,41.0,DGFT_TRADESTAT_MEIDB_live_aggregated,2026-05-01,Aggregated from country-level DGFT data; HHI = Σ(share²) × 10000 per US DOJ convention
2025-01,8542,ICs,2558.52,1677.2,29.94,60.13,44.0,DGFT_TRADESTAT_MEIDB_live_aggregated,2026-05-01,Aggregated from country-level DGFT data; HHI = Σ(share²) × 10000 per US DOJ convention
2025-02,3818,Raw_Materials,6.99,9412.0,97.0,99.71,4.0,DGFT_TRADESTAT_MEIDB_live_aggregated,2026-05-01,Aggregated from country-level DGFT data; HHI = Σ(share²) × 10000 per US DOJ convention
2025-02,8486,Equipment,70.74,9052.4,95.12,97.36,12.0,DGFT_TRADESTAT_MEIDB_live_aggregated,2026-05-01,Aggregated from country-level DGFT data; HHI = Σ(share²) × 10000 per US DOJ convention
2025-02,8541,Devices,527.88,4555.5,66.29,80.83,40.0,DGFT_TRADESTAT_MEIDB_live_aggregated,2026-05-01,Aggregated from country-level DGFT data; HHI = Σ(share²) × 10000 per US DOJ convention
2025-02,8542,ICs,1769.39,1576.5,26.51,59.18,44.0,DGFT_TRADESTAT_MEIDB_live_aggregated,2026-05-01,Aggregated from country-level DGFT data; HHI = Σ(share²) × 10000 per US DOJ convention
2025-03,3818,Raw_Materials,17.03,9403.2,96.95,99.53,6.0,DGFT_TRADESTAT_MEIDB_live_aggregated,2026-05-01,Aggregated from country-level DGFT data; HHI = Σ(share²) × 10000 per US DOJ convention
2025-03,8486,Equipment,55.84,6665.9,81.34,89.22,17.0,DGFT_TRADESTAT_MEIDB_live_aggregated,2026-05-01,Aggregated from country-level DGFT data; HHI = Σ(share²) × 10000 per US DOJ convention
2025-03,8541,Devices,593.51,4132.7,62.76,77.82,41.0,DGFT_TRADESTAT_MEIDB_live_aggregated,2026-05-01,Aggregated from country-level DGFT data; HHI = Σ(share²) × 10000 per US DOJ convention
2025-03,8542,ICs,2232.64,1753.3,30.96,61.87,44.0,DGFT_TRADESTAT_MEIDB_live_aggregated,2026-05-01,Aggregated from country-level DGFT data; HHI = Σ(share²) × 10000 per US DOJ convention
2025-05,3818,Raw_Materials,22.69,9833.5,99.16,99.87,5.0,DGFT_TRADESTAT_MEIDB_live_aggregated,2026-05-01,Aggregated from country-level DGFT data; HHI = Σ(share²) × 10000 per US DOJ convention
2025-05,8486,Equipment,135.45,2731.0,39.88,82.29,15.0,DGFT_TRADESTAT_MEIDB_live_aggregated,2026-05-01,Aggregated from country-level DGFT data; HHI = Σ(share²) × 10000 per US DOJ convention
2025-05,8541,Devices,464.8,3414.3,56.39,72.89,40.0,DGFT_TRADESTAT_MEIDB_live_aggregated,2026-05-01,Aggregated from country-level DGFT data; HHI = Σ(share²) × 10000 per US DOJ convention
2025-05,8542,ICs,2560.03,1698.2,29.44,61.39,43.0,DGFT_TRADESTAT_MEIDB_live_aggregated,2026-05-01,Aggregated from country-level DGFT data; HHI = Σ(share²) × 10000 per US DOJ convention
2025-06,3818,Raw_Materials,22.87,9895.5,99.48,99.96,4.0,DGFT_TRADESTAT_MEIDB_live_aggregated,2026-05-01,Aggregated from country-level DGFT data; HHI = Σ(share²) × 10000 per US DOJ convention
2025-06,8486,Equipment,143.57,3153.7,39.36,95.55,18.0,DGFT_TRADESTAT_MEIDB_live_aggregated,2026-05-01,Aggregated from country-level DGFT data; HHI = Σ(share²) × 10000 per US DOJ convention
2025-06,8541,Devices,398.9,2594.9,47.3,68.25,44.0,DGFT_TRADESTAT_MEIDB_live_aggregated,2026-05-01,Aggregated from country-level DGFT data; HHI = Σ(share²) × 10000 per US DOJ convention
2025-06,8542,ICs,2221.92,1819.8,33.29,62.08,43.0,DGFT_TRADESTAT_MEIDB_live_aggregated,2026-05-01,Aggregated from country-level DGFT data; HHI = Σ(share²) × 10000 per US DOJ convention
2025-07,3818,Raw_Materials,30.67,9021.0,94.95,98.17,10.0,DGFT_TRADESTAT_MEIDB_live_aggregated,2026-05-01,Aggregated from country-level DGFT data; HHI = Σ(share²) × 10000 per US DOJ convention
2025-07,8486,Equipment,133.72,2889.1,40.97,89.46,16.0,DGFT_TRADESTAT_MEIDB_live_aggregated,2026-05-01,Aggregated from country-level DGFT data; HHI = Σ(share²) × 10000 per US DOJ convention
2025-07,8541,Devices,436.46,3465.0,57.07,72.53,44.0,DGFT_TRADESTAT_MEIDB_live_aggregated,2026-05-01,Aggregated from country-level DGFT data; HHI = Σ(share²) × 10000 per US DOJ convention
2025-07,8542,ICs,2571.32,1679.8,28.63,60.84,46.0,DGFT_TRADESTAT_MEIDB_live_aggregated,2026-05-01,Aggregated from country-level DGFT data; HHI = Σ(share²) × 10000 per US DOJ convention
2025-08,3818,Raw_Materials,32.8,9311.5,96.46,99.33,9.0,DGFT_TRADESTAT_MEIDB_live_aggregated,2026-05-01,Aggregated from country-level DGFT data; HHI = Σ(share²) × 10000 per US DOJ convention
2025-08,8486,Equipment,143.82,4484.7,63.53,92.79,18.0,DGFT_TRADESTAT_MEIDB_live_aggregated,2026-05-01,Aggregated from country-level DGFT data; HHI = Σ(share²) × 10000 per US DOJ convention
2025-08,8541,Devices,421.76,3889.4,60.99,74.46,42.0,DGFT_TRADESTAT_MEIDB_live_aggregated,2026-05-01,Aggregated from country-level DGFT data; HHI = Σ(share²) × 10000 per US DOJ convention
2025-08,8542,ICs,2644.91,1786.0,31.62,62.82,45.0,DGFT_TRADESTAT_MEIDB_live_aggregated,2026-05-01,Aggregated from country-level DGFT data; HHI = Σ(share²) × 10000 per US DOJ convention
2025-09,3818,Raw_Materials,37.8,8482.5,91.83,99.68,5.0,DGFT_TRADESTAT_MEIDB_live_aggregated,2026-05-01,Aggregated from country-level DGFT data; HHI = Σ(share²) × 10000 per US DOJ convention
2025-09,8486,Equipment,103.54,6734.9,81.47,93.99,14.0,DGFT_TRADESTAT_MEIDB_live_aggregated,2026-05-01,Aggregated from country-level DGFT data; HHI = Σ(share²) × 10000 per US DOJ convention
2025-09,8541,Devices,493.27,3548.5,58.08,70.94,39.0,DGFT_TRADESTAT_MEIDB_live_aggregated,2026-05-01,Aggregated from country-level DGFT data; HHI = Σ(share²) × 10000 per US DOJ convention
2025-09,8542,ICs,2436.39,1714.9,31.74,59.99,45.0,DGFT_TRADESTAT_MEIDB_live_aggregated,2026-05-01,Aggregated from country-level DGFT data; HHI = Σ(share²) × 10000 per US DOJ convention
2025-10,3818,Raw_Materials,37.21,9760.0,98.79,99.62,8.0,DGFT_TRADESTAT_MEIDB_live_aggregated,2026-05-01,Aggregated from country-level DGFT data; HHI = Σ(share²) × 10000 per US DOJ convention
2025-10,8486,Equipment,80.79,6488.3,80.01,92.0,16.0,DGFT_TRADESTAT_MEIDB_live_aggregated,2026-05-01,Aggregated from country-level DGFT data; HHI = Σ(share²) × 10000 per US DOJ convention
2025-10,8541,Devices,551.6,3010.6,52.51,69.63,41.0,DGFT_TRADESTAT_MEIDB_live_aggregated,2026-05-01,Aggregated from country-level DGFT data; HHI = Σ(share²) × 10000 per US DOJ convention
2025-10,8542,ICs,2328.06,1405.4,24.17,52.22,46.0,DGFT_TRADESTAT_MEIDB_live_aggregated,2026-05-01,Aggregated from country-level DGFT data; HHI = Σ(share²) × 10000 per US DOJ convention
2025-11,3818,Raw_Materials,40.87,9902.5,99.51,99.93,5.0,DGFT_TRADESTAT_MEIDB_live_aggregated,2026-05-01,Aggregated from country-level DGFT data; HHI = Σ(share²) × 10000 per US DOJ convention
2025-11,8486,Equipment,66.72,4246.7,57.36,94.14,14.0,DGFT_TRADESTAT_MEIDB_live_aggregated,2026-05-01,Aggregated from country-level DGFT data; HHI = Σ(share²) × 10000 per US DOJ convention
2025-11,8541,Devices,551.31,3113.1,54.03,67.24,43.0,DGFT_TRADESTAT_MEIDB_live_aggregated,2026-05-01,Aggregated from country-level DGFT data; HHI = Σ(share²) × 10000 per US DOJ convention
2025-11,8542,ICs,2203.5,1594.4,29.56,57.38,49.0,DGFT_TRADESTAT_MEIDB_live_aggregated,2026-05-01,Aggregated from country-level DGFT data; HHI = Σ(share²) × 10000 per US DOJ convention
2025-12,3818,Raw_Materials,47.29,9856.9,99.28,99.75,7.0,DGFT_TRADESTAT_MEIDB_live_aggregated,2026-05-01,Aggregated from country-level DGFT data; HHI = Σ(share²) × 10000 per US DOJ convention
2025-12,8486,Equipment,88.55,4891.5,64.66,93.57,16.0,DGFT_TRADESTAT_MEIDB_live_aggregated,2026-05-01,Aggregated from country-level DGFT data; HHI = Σ(share²) × 10000 per US DOJ convention
2025-12,8541,Devices,542.86,2296.8,44.58,62.72,44.0,DGFT_TRADESTAT_MEIDB_live_aggregated,2026-05-01,Aggregated from country-level DGFT data; HHI = Σ(share²) × 10000 per US DOJ convention
2025-12,8542,ICs,2665.94,1735.8,32.05,59.95,46.0,DGFT_TRADESTAT_MEIDB_live_aggregated,2026-05-01,Aggregated from country-level DGFT data; HHI = Σ(share²) × 10000 per US DOJ convention
2026-01,3818,Raw_Materials,34.89,9937.1,99.68,100.0,3.0,DGFT_TRADESTAT_MEIDB_live_aggregated,2026-05-01,Aggregated from country-level DGFT data; HHI = Σ(share²) × 10000 per US DOJ convention
2026-01,8486,Equipment,95.57,4311.7,47.35,95.17,15.0,DGFT_TRADESTAT_MEIDB_live_aggregated,2026-05-01,Aggregated from country-level DGFT data; HHI = Σ(share²) × 10000 per US DOJ convention
2026-01,8541,Devices,647.34,2491.1,45.99,66.45,42.0,DGFT_TRADESTAT_MEIDB_live_aggregated,2026-05-01,Aggregated from country-level DGFT data; HHI = Σ(share²) × 10000 per US DOJ convention
2026-01,8542,ICs,2537.15,1693.1,30.04,60.7,45.0,DGFT_TRADESTAT_MEIDB_live_aggregated,2026-05-01,Aggregated from country-level DGFT data; HHI = Σ(share²) × 10000 per US DOJ convention
2026-02,3818,Raw_Materials,24.43,8843.9,93.98,98.4,8.0,DGFT_TRADESTAT_MEIDB_live_aggregated,2026-05-01,Aggregated from country-level DGFT data; HHI = Σ(share²) × 10000 per US DOJ convention
2026-02,8486,Equipment,90.83,3481.5,53.61,83.32,15.0,DGFT_TRADESTAT_MEIDB_live_aggregated,2026-05-01,Aggregated from country-level DGFT data; HHI = Σ(share²) × 10000 per US DOJ convention
2026-02,8541,Devices,546.6,1676.0,32.67,62.08,43.0,DGFT_TRADESTAT_MEIDB_live_aggregated,2026-05-01,Aggregated from country-level DGFT data; HHI = Σ(share²) × 10000 per US DOJ convention
2026-02,8542,ICs,2799.58,1602.9,27.0,57.81,47.0,DGFT_TRADESTAT_MEIDB_live_aggregated,2026-05-01,Aggregated from country-level DGFT data; HHI = Σ(share²) × 10000 per US DOJ convention
