year_month,fy,year,month,hs_code,segment,flow,total_trade_usd_million,hhi_country_concentration,top1_country_share_pct,top3_country_share_pct,num_partner_countries,data_source,retrieval_date
2017-04,2017-18,2017,4,3818,Raw_Materials,Import,11.69,5238.4,65.44,98.72,5,DGFT_TRADESTAT_MEIDB_real,2026-05-09
2017-04,2017-18,2017,4,8486,Equipment,Import,1.97,5383.0,71.07,96.45,9,DGFT_TRADESTAT_MEIDB_real,2026-05-09
2017-04,2017-18,2017,4,8541,Devices,Import,579.4,7252.6,84.94,92.29,40,DGFT_TRADESTAT_MEIDB_real,2026-05-09
2017-04,2017-18,2017,4,8542,ICs,Import,186.8,1550.4,24.39,64.02,37,DGFT_TRADESTAT_MEIDB_real,2026-05-09
2017-05,2017-18,2017,5,3818,Raw_Materials,Import,14.62,4690.1,64.23,93.64,15,DGFT_TRADESTAT_MEIDB_real,2026-05-09
2017-05,2017-18,2017,5,8486,Equipment,Import,5.67,2585.6,38.1,80.95,15,DGFT_TRADESTAT_MEIDB_real,2026-05-09
2017-05,2017-18,2017,5,8541,Devices,Import,470.36,7987.2,89.28,93.71,34,DGFT_TRADESTAT_MEIDB_real,2026-05-09
2017-05,2017-18,2017,5,8542,ICs,Import,177.63,1615.8,27.01,64.35,41,DGFT_TRADESTAT_MEIDB_real,2026-05-09
2017-06,2017-18,2017,6,3818,Raw_Materials,Import,13.45,4596.4,64.68,92.64,12,DGFT_TRADESTAT_MEIDB_real,2026-05-09
2017-06,2017-18,2017,6,8486,Equipment,Import,3.46,2885.3,42.77,79.77,10,DGFT_TRADESTAT_MEIDB_real,2026-05-09
2017-06,2017-18,2017,6,8541,Devices,Import,432.0,6480.6,79.73,92.28,37,DGFT_TRADESTAT_MEIDB_real,2026-05-09
2017-06,2017-18,2017,6,8542,ICs,Import,167.43,1666.1,32.69,59.76,40,DGFT_TRADESTAT_MEIDB_real,2026-05-09
2017-07,2017-18,2017,7,3818,Raw_Materials,Import,9.21,6778.1,81.87,92.51,9,DGFT_TRADESTAT_MEIDB_real,2026-05-09
2017-07,2017-18,2017,7,8486,Equipment,Import,2.83,4410.2,63.6,89.05,11,DGFT_TRADESTAT_MEIDB_real,2026-05-09
2017-07,2017-18,2017,7,8541,Devices,Import,331.08,5176.5,69.41,90.51,33,DGFT_TRADESTAT_MEIDB_real,2026-05-09
2017-07,2017-18,2017,7,8542,ICs,Import,180.86,1778.8,28.46,64.01,42,DGFT_TRADESTAT_MEIDB_real,2026-05-09
2017-08,2017-18,2017,8,3818,Raw_Materials,Import,14.74,7127.2,84.06,93.42,12,DGFT_TRADESTAT_MEIDB_real,2026-05-09
2017-08,2017-18,2017,8,8486,Equipment,Import,1.88,1983.9,34.57,67.55,11,DGFT_TRADESTAT_MEIDB_real,2026-05-09
2017-08,2017-18,2017,8,8541,Devices,Import,282.84,5804.0,75.43,88.46,39,DGFT_TRADESTAT_MEIDB_real,2026-05-09
2017-08,2017-18,2017,8,8542,ICs,Import,196.33,1610.4,28.97,63.46,41,DGFT_TRADESTAT_MEIDB_real,2026-05-09
2017-09,2017-18,2017,9,3818,Raw_Materials,Import,21.57,6974.8,82.89,96.62,10,DGFT_TRADESTAT_MEIDB_real,2026-05-09
2017-09,2017-18,2017,9,8486,Equipment,Import,2.87,1765.1,28.22,65.16,13,DGFT_TRADESTAT_MEIDB_real,2026-05-09
2017-09,2017-18,2017,9,8541,Devices,Import,328.4,6937.5,83.05,90.44,39,DGFT_TRADESTAT_MEIDB_real,2026-05-09
2017-09,2017-18,2017,9,8542,ICs,Import,199.33,1742.5,30.13,64.05,42,DGFT_TRADESTAT_MEIDB_real,2026-05-09
2017-10,2017-18,2017,10,3818,Raw_Materials,Import,21.29,6873.5,82.29,94.22,12,DGFT_TRADESTAT_MEIDB_real,2026-05-09
2017-10,2017-18,2017,10,8486,Equipment,Import,2.64,2755.1,42.42,82.58,11,DGFT_TRADESTAT_MEIDB_real,2026-05-09
2017-10,2017-18,2017,10,8541,Devices,Import,232.47,6292.9,79.01,87.12,40,DGFT_TRADESTAT_MEIDB_real,2026-05-09
2017-10,2017-18,2017,10,8542,ICs,Import,161.89,1573.5,30.85,60.68,44,DGFT_TRADESTAT_MEIDB_real,2026-05-09
2017-11,2017-18,2017,11,3818,Raw_Materials,Import,17.88,6033.4,75.34,96.36,11,DGFT_TRADESTAT_MEIDB_real,2026-05-09
2017-11,2017-18,2017,11,8486,Equipment,Import,2.6,2354.1,30.38,81.54,10,DGFT_TRADESTAT_MEIDB_real,2026-05-09
2017-11,2017-18,2017,11,8541,Devices,Import,304.01,6284.1,78.93,87.24,39,DGFT_TRADESTAT_MEIDB_real,2026-05-09
2017-11,2017-18,2017,11,8542,ICs,Import,175.84,1643.2,31.13,62.56,42,DGFT_TRADESTAT_MEIDB_real,2026-05-09
2017-12,2017-18,2017,12,3818,Raw_Materials,Import,17.86,7134.8,83.76,96.75,11,DGFT_TRADESTAT_MEIDB_real,2026-05-09
2017-12,2017-18,2017,12,8486,Equipment,Import,2.01,3765.5,57.71,85.07,10,DGFT_TRADESTAT_MEIDB_real,2026-05-09
2017-12,2017-18,2017,12,8541,Devices,Import,481.88,6995.1,83.36,91.41,40,DGFT_TRADESTAT_MEIDB_real,2026-05-09
2017-12,2017-18,2017,12,8542,ICs,Import,167.63,1499.8,26.89,60.21,41,DGFT_TRADESTAT_MEIDB_real,2026-05-09
2018-01,2017-18,2018,1,3818,Raw_Materials,Import,27.64,7612.5,86.79,96.56,15,DGFT_TRADESTAT_MEIDB_real,2026-05-09
2018-01,2017-18,2018,1,8486,Equipment,Import,5.18,3474.5,48.46,89.38,14,DGFT_TRADESTAT_MEIDB_real,2026-05-09
2018-01,2017-18,2018,1,8541,Devices,Import,412.61,6864.7,82.53,92.03,41,DGFT_TRADESTAT_MEIDB_real,2026-05-09
2018-01,2017-18,2018,1,8542,ICs,Import,198.92,1553.5,27.37,59.79,42,DGFT_TRADESTAT_MEIDB_real,2026-05-09
2018-02,2017-18,2018,2,3818,Raw_Materials,Import,23.44,8559.1,92.45,96.63,11,DGFT_TRADESTAT_MEIDB_real,2026-05-09
2018-02,2017-18,2018,2,8486,Equipment,Import,1.34,1861.2,24.63,68.66,10,DGFT_TRADESTAT_MEIDB_real,2026-05-09
2018-02,2017-18,2018,2,8541,Devices,Import,537.71,8060.7,89.71,93.95,39,DGFT_TRADESTAT_MEIDB_real,2026-05-09
2018-02,2017-18,2018,2,8542,ICs,Import,205.82,1841.0,30.92,65.84,41,DGFT_TRADESTAT_MEIDB_real,2026-05-09
2018-03,2017-18,2018,3,3818,Raw_Materials,Import,25.93,8601.3,92.67,97.45,11,DGFT_TRADESTAT_MEIDB_real,2026-05-09
2018-03,2017-18,2018,3,8486,Equipment,Import,5.38,5546.8,73.23,90.89,12,DGFT_TRADESTAT_MEIDB_real,2026-05-09
2018-03,2017-18,2018,3,8541,Devices,Import,354.65,6260.8,78.83,86.34,40,DGFT_TRADESTAT_MEIDB_real,2026-05-09
2018-03,2017-18,2018,3,8542,ICs,Import,315.93,2669.2,44.21,74.89,42,DGFT_TRADESTAT_MEIDB_real,2026-05-09
2018-04,2018-19,2018,4,3818,Raw_Materials,Import,10.89,8026.9,89.44,95.96,10,DGFT_TRADESTAT_MEIDB_real,2026-05-09
2018-04,2018-19,2018,4,8486,Equipment,Import,5.88,2329.9,35.03,75.0,8,DGFT_TRADESTAT_MEIDB_real,2026-05-09
2018-04,2018-19,2018,4,8541,Devices,Import,231.61,3836.4,60.3,77.09,36,DGFT_TRADESTAT_MEIDB_real,2026-05-09
2018-04,2018-19,2018,4,8542,ICs,Import,412.2,2114.7,30.16,72.45,41,DGFT_TRADESTAT_MEIDB_real,2026-05-09
2018-05,2018-19,2018,5,3818,Raw_Materials,Import,11.17,7572.0,86.75,95.43,9,DGFT_TRADESTAT_MEIDB_real,2026-05-09
2018-05,2018-19,2018,5,8486,Equipment,Import,5.84,3085.7,44.69,87.67,11,DGFT_TRADESTAT_MEIDB_real,2026-05-09
2018-05,2018-19,2018,5,8541,Devices,Import,267.35,4160.7,63.17,76.92,34,DGFT_TRADESTAT_MEIDB_real,2026-05-09
2018-05,2018-19,2018,5,8542,ICs,Import,608.42,2492.8,33.92,78.17,40,DGFT_TRADESTAT_MEIDB_real,2026-05-09
2018-06,2018-19,2018,6,3818,Raw_Materials,Import,7.68,6711.3,81.38,93.49,9,DGFT_TRADESTAT_MEIDB_real,2026-05-09
2018-06,2018-19,2018,6,8486,Equipment,Import,3.17,2567.1,37.85,79.81,11,DGFT_TRADESTAT_MEIDB_real,2026-05-09
2018-06,2018-19,2018,6,8541,Devices,Import,179.01,3267.3,54.95,72.1,38,DGFT_TRADESTAT_MEIDB_real,2026-05-09
2018-06,2018-19,2018,6,8542,ICs,Import,611.21,2421.9,32.98,80.51,39,DGFT_TRADESTAT_MEIDB_real,2026-05-09
2018-07,2018-19,2018,7,3818,Raw_Materials,Import,3.08,3689.3,53.9,89.94,6,DGFT_TRADESTAT_MEIDB_real,2026-05-09
2018-07,2018-19,2018,7,8486,Equipment,Import,3.07,2373.2,35.5,75.24,9,DGFT_TRADESTAT_MEIDB_real,2026-05-09
2018-07,2018-19,2018,7,8541,Devices,Import,271.66,4615.0,66.6,82.55,37,DGFT_TRADESTAT_MEIDB_real,2026-05-09
2018-07,2018-19,2018,7,8542,ICs,Import,664.09,2964.9,46.78,82.15,41,DGFT_TRADESTAT_MEIDB_real,2026-05-09
2018-08,2018-19,2018,8,3818,Raw_Materials,Import,4.41,6070.3,77.1,90.25,10,DGFT_TRADESTAT_MEIDB_real,2026-05-09
2018-08,2018-19,2018,8,8486,Equipment,Import,4.89,1652.2,32.52,57.67,13,DGFT_TRADESTAT_MEIDB_real,2026-05-09
2018-08,2018-19,2018,8,8541,Devices,Import,328.18,5630.6,74.34,85.63,37,DGFT_TRADESTAT_MEIDB_real,2026-05-09
2018-08,2018-19,2018,8,8542,ICs,Import,896.08,2886.7,40.11,84.64,37,DGFT_TRADESTAT_MEIDB_real,2026-05-09
2018-09,2018-19,2018,9,3818,Raw_Materials,Import,14.9,8326.1,91.14,96.64,10,DGFT_TRADESTAT_MEIDB_real,2026-05-09
2018-09,2018-19,2018,9,8486,Equipment,Import,3.14,2891.6,46.5,81.85,11,DGFT_TRADESTAT_MEIDB_real,2026-05-09
2018-09,2018-19,2018,9,8541,Devices,Import,254.96,4263.4,63.08,83.2,37,DGFT_TRADESTAT_MEIDB_real,2026-05-09
2018-09,2018-19,2018,9,8542,ICs,Import,966.84,2988.9,40.56,86.57,38,DGFT_TRADESTAT_MEIDB_real,2026-05-09
2018-10,2018-19,2018,10,3818,Raw_Materials,Import,6.56,6461.2,79.57,93.14,10,DGFT_TRADESTAT_MEIDB_real,2026-05-09
2018-10,2018-19,2018,10,8486,Equipment,Import,2.96,4151.5,46.62,94.26,10,DGFT_TRADESTAT_MEIDB_real,2026-05-09
2018-10,2018-19,2018,10,8541,Devices,Import,230.44,3134.3,53.06,74.02,34,DGFT_TRADESTAT_MEIDB_real,2026-05-09
2018-10,2018-19,2018,10,8542,ICs,Import,824.3,2735.4,37.25,81.65,40,DGFT_TRADESTAT_MEIDB_real,2026-05-09
2018-11,2018-19,2018,11,3818,Raw_Materials,Import,5.27,6492.3,80.08,91.27,11,DGFT_TRADESTAT_MEIDB_real,2026-05-09
2018-11,2018-19,2018,11,8486,Equipment,Import,9.68,4599.4,66.12,84.09,14,DGFT_TRADESTAT_MEIDB_real,2026-05-09
2018-11,2018-19,2018,11,8541,Devices,Import,196.0,3163.7,52.98,77.14,36,DGFT_TRADESTAT_MEIDB_real,2026-05-09
2018-11,2018-19,2018,11,8542,ICs,Import,790.55,2735.5,35.44,83.9,38,DGFT_TRADESTAT_MEIDB_real,2026-05-09
2018-12,2018-19,2018,12,3818,Raw_Materials,Import,4.63,6236.9,78.19,92.66,10,DGFT_TRADESTAT_MEIDB_real,2026-05-09
2018-12,2018-19,2018,12,8486,Equipment,Import,6.71,3873.1,60.36,77.2,14,DGFT_TRADESTAT_MEIDB_real,2026-05-09
2018-12,2018-19,2018,12,8541,Devices,Import,304.0,4346.6,64.14,83.58,38,DGFT_TRADESTAT_MEIDB_real,2026-05-09
2018-12,2018-19,2018,12,8542,ICs,Import,643.63,2752.9,35.67,82.56,38,DGFT_TRADESTAT_MEIDB_real,2026-05-09
2019-01,2018-19,2019,1,3818,Raw_Materials,Import,6.38,5317.3,71.47,89.03,8,DGFT_TRADESTAT_MEIDB_real,2026-05-09
2019-01,2018-19,2019,1,8486,Equipment,Import,2.24,2231.3,30.36,77.68,13,DGFT_TRADESTAT_MEIDB_real,2026-05-09
2019-01,2018-19,2019,1,8541,Devices,Import,315.79,4425.7,64.97,82.34,34,DGFT_TRADESTAT_MEIDB_real,2026-05-09
2019-01,2018-19,2019,1,8542,ICs,Import,846.26,2582.0,33.72,84.83,36,DGFT_TRADESTAT_MEIDB_real,2026-05-09
2019-02,2018-19,2019,2,3818,Raw_Materials,Import,8.6,9142.1,95.58,98.72,7,DGFT_TRADESTAT_MEIDB_real,2026-05-09
2019-02,2018-19,2019,2,8486,Equipment,Import,1.56,3395.8,46.15,88.46,10,DGFT_TRADESTAT_MEIDB_real,2026-05-09
2019-02,2018-19,2019,2,8541,Devices,Import,304.12,5190.6,71.14,85.01,37,DGFT_TRADESTAT_MEIDB_real,2026-05-09
2019-02,2018-19,2019,2,8542,ICs,Import,636.94,2363.1,34.89,78.35,38,DGFT_TRADESTAT_MEIDB_real,2026-05-09
2019-03,2018-19,2019,3,3818,Raw_Materials,Import,8.82,8990.2,94.78,97.62,8,DGFT_TRADESTAT_MEIDB_real,2026-05-09
2019-03,2018-19,2019,3,8486,Equipment,Import,1.55,2792.5,46.45,77.42,11,DGFT_TRADESTAT_MEIDB_real,2026-05-09
2019-03,2018-19,2019,3,8541,Devices,Import,303.02,4004.6,61.37,79.47,39,DGFT_TRADESTAT_MEIDB_real,2026-05-09
2019-03,2018-19,2019,3,8542,ICs,Import,851.1,2726.8,37.7,85.22,43,DGFT_TRADESTAT_MEIDB_real,2026-05-09
2019-04,2019-20,2019,4,3818,Raw_Materials,Import,12.08,8576.3,92.55,96.19,12,DGFT_TRADESTAT_MEIDB_real,2026-05-09
2019-04,2019-20,2019,4,8486,Equipment,Import,2.88,2693.1,45.14,74.65,16,DGFT_TRADESTAT_MEIDB_real,2026-05-09
2019-04,2019-20,2019,4,8541,Devices,Import,243.94,4127.6,62.74,77.99,39,DGFT_TRADESTAT_MEIDB_real,2026-05-09
2019-04,2019-20,2019,4,8542,ICs,Import,774.58,2592.6,36.58,81.47,35,DGFT_TRADESTAT_MEIDB_real,2026-05-09
2019-05,2019-20,2019,5,3818,Raw_Materials,Import,13.92,8434.8,91.74,97.56,11,DGFT_TRADESTAT_MEIDB_real,2026-05-09
2019-05,2019-20,2019,5,8486,Equipment,Import,3.46,4921.3,68.5,87.57,11,DGFT_TRADESTAT_MEIDB_real,2026-05-09
2019-05,2019-20,2019,5,8541,Devices,Import,214.44,3242.0,54.48,72.91,39,DGFT_TRADESTAT_MEIDB_real,2026-05-09
2019-05,2019-20,2019,5,8542,ICs,Import,832.47,2649.3,35.62,81.0,37,DGFT_TRADESTAT_MEIDB_real,2026-05-09
2019-06,2019-20,2019,6,3818,Raw_Materials,Import,12.33,8371.3,91.4,96.35,10,DGFT_TRADESTAT_MEIDB_real,2026-05-09
2019-06,2019-20,2019,6,8486,Equipment,Import,4.67,3078.1,50.11,77.09,13,DGFT_TRADESTAT_MEIDB_real,2026-05-09
2019-06,2019-20,2019,6,8541,Devices,Import,185.92,2711.0,48.69,68.22,40,DGFT_TRADESTAT_MEIDB_real,2026-05-09
2019-06,2019-20,2019,6,8542,ICs,Import,866.41,2935.2,41.88,86.72,34,DGFT_TRADESTAT_MEIDB_real,2026-05-09
2019-07,2019-20,2019,7,3818,Raw_Materials,Import,16.18,8802.2,93.76,98.21,9,DGFT_TRADESTAT_MEIDB_real,2026-05-09
2019-07,2019-20,2019,7,8486,Equipment,Import,15.94,8587.4,92.6,96.99,12,DGFT_TRADESTAT_MEIDB_real,2026-05-09
2019-07,2019-20,2019,7,8541,Devices,Import,263.76,3561.4,57.94,72.44,39,DGFT_TRADESTAT_MEIDB_real,2026-05-09
2019-07,2019-20,2019,7,8542,ICs,Import,961.29,2750.3,37.08,84.66,44,DGFT_TRADESTAT_MEIDB_real,2026-05-09
2019-08,2019-20,2019,8,3818,Raw_Materials,Import,14.73,8760.7,93.55,97.08,9,DGFT_TRADESTAT_MEIDB_real,2026-05-09
2019-08,2019-20,2019,8,8486,Equipment,Import,6.0,3408.2,50.0,91.5,13,DGFT_TRADESTAT_MEIDB_real,2026-05-09
2019-08,2019-20,2019,8,8541,Devices,Import,299.27,4189.3,63.39,76.78,40,DGFT_TRADESTAT_MEIDB_real,2026-05-09
2019-08,2019-20,2019,8,8542,ICs,Import,1098.9,3082.0,43.54,87.6,38,DGFT_TRADESTAT_MEIDB_real,2026-05-09
2019-09,2019-20,2019,9,3818,Raw_Materials,Import,12.32,8593.4,92.53,99.43,7,DGFT_TRADESTAT_MEIDB_real,2026-05-09
2019-09,2019-20,2019,9,8486,Equipment,Import,3.94,2891.6,48.98,76.4,12,DGFT_TRADESTAT_MEIDB_real,2026-05-09
2019-09,2019-20,2019,9,8541,Devices,Import,294.96,3906.3,60.52,77.74,35,DGFT_TRADESTAT_MEIDB_real,2026-05-09
2019-09,2019-20,2019,9,8542,ICs,Import,1152.24,3335.8,44.5,90.35,39,DGFT_TRADESTAT_MEIDB_real,2026-05-09
2019-10,2019-20,2019,10,3818,Raw_Materials,Import,12.7,8993.0,94.8,97.4,8,DGFT_TRADESTAT_MEIDB_real,2026-05-09
2019-10,2019-20,2019,10,8486,Equipment,Import,5.68,3134.6,51.76,78.52,12,DGFT_TRADESTAT_MEIDB_real,2026-05-09
2019-10,2019-20,2019,10,8541,Devices,Import,355.78,4879.1,68.97,80.54,36,DGFT_TRADESTAT_MEIDB_real,2026-05-09
2019-10,2019-20,2019,10,8542,ICs,Import,803.58,2931.1,39.43,86.57,36,DGFT_TRADESTAT_MEIDB_real,2026-05-09
2019-11,2019-20,2019,11,3818,Raw_Materials,Import,11.66,9146.9,95.63,97.43,12,DGFT_TRADESTAT_MEIDB_real,2026-05-09
2019-11,2019-20,2019,11,8486,Equipment,Import,6.45,4095.7,61.86,82.17,13,DGFT_TRADESTAT_MEIDB_real,2026-05-09
2019-11,2019-20,2019,11,8541,Devices,Import,223.49,4267.5,63.95,79.59,37,DGFT_TRADESTAT_MEIDB_real,2026-05-09
2019-11,2019-20,2019,11,8542,ICs,Import,727.45,2792.0,42.56,83.86,40,DGFT_TRADESTAT_MEIDB_real,2026-05-09
2019-12,2019-20,2019,12,3818,Raw_Materials,Import,12.25,9565.2,97.8,99.18,8,DGFT_TRADESTAT_MEIDB_real,2026-05-09
2019-12,2019-20,2019,12,8486,Equipment,Import,7.96,3390.9,53.39,81.28,10,DGFT_TRADESTAT_MEIDB_real,2026-05-09
2019-12,2019-20,2019,12,8541,Devices,Import,199.94,3940.9,61.3,76.24,41,DGFT_TRADESTAT_MEIDB_real,2026-05-09
2019-12,2019-20,2019,12,8542,ICs,Import,619.9,2811.9,43.08,81.06,37,DGFT_TRADESTAT_MEIDB_real,2026-05-09
2020-01,2019-20,2020,1,3818,Raw_Materials,Import,12.54,9359.9,96.73,98.88,8,DGFT_TRADESTAT_MEIDB_real,2026-05-09
2020-01,2019-20,2020,1,8486,Equipment,Import,1.46,2331.6,34.93,73.29,12,DGFT_TRADESTAT_MEIDB_real,2026-05-09
2020-01,2019-20,2020,1,8541,Devices,Import,159.24,3016.7,51.9,73.25,38,DGFT_TRADESTAT_MEIDB_real,2026-05-09
2020-01,2019-20,2020,1,8542,ICs,Import,861.94,2524.7,39.48,77.3,34,DGFT_TRADESTAT_MEIDB_real,2026-05-09
2020-02,2019-20,2020,2,3818,Raw_Materials,Import,7.83,8144.6,90.17,94.51,12,DGFT_TRADESTAT_MEIDB_real,2026-05-09
2020-02,2019-20,2020,2,8486,Equipment,Import,1.88,5964.8,76.06,94.15,8,DGFT_TRADESTAT_MEIDB_real,2026-05-09
2020-02,2019-20,2020,2,8541,Devices,Import,170.59,3822.8,59.9,78.11,38,DGFT_TRADESTAT_MEIDB_real,2026-05-09
2020-02,2019-20,2020,2,8542,ICs,Import,697.2,2271.3,33.1,76.07,39,DGFT_TRADESTAT_MEIDB_real,2026-05-09
2020-03,2019-20,2020,3,3818,Raw_Materials,Import,5.9,8952.5,94.58,98.31,7,DGFT_TRADESTAT_MEIDB_real,2026-05-09
2020-03,2019-20,2020,3,8486,Equipment,Import,3.65,2930.9,36.16,89.86,11,DGFT_TRADESTAT_MEIDB_real,2026-05-09
2020-03,2019-20,2020,3,8541,Devices,Import,126.61,3393.4,55.94,75.21,36,DGFT_TRADESTAT_MEIDB_real,2026-05-09
2020-03,2019-20,2020,3,8542,ICs,Import,709.49,2512.6,35.33,77.43,39,DGFT_TRADESTAT_MEIDB_real,2026-05-09
2020-04,2020-21,2020,4,3818,Raw_Materials,Import,3.92,9499.3,97.45,99.74,4,DGFT_TRADESTAT_MEIDB_real,2026-05-09
2020-04,2020-21,2020,4,8486,Equipment,Import,1.12,3738.8,56.25,88.39,8,DGFT_TRADESTAT_MEIDB_real,2026-05-09
2020-04,2020-21,2020,4,8541,Devices,Import,97.85,5896.8,76.3,86.64,25,DGFT_TRADESTAT_MEIDB_real,2026-05-09
2020-04,2020-21,2020,4,8542,ICs,Import,115.25,2006.9,36.22,66.67,29,DGFT_TRADESTAT_MEIDB_real,2026-05-09
2020-05,2020-21,2020,5,3818,Raw_Materials,Import,6.13,9709.2,98.53,99.67,5,DGFT_TRADESTAT_MEIDB_real,2026-05-09
2020-05,2020-21,2020,5,8486,Equipment,Import,1.52,4739.4,63.82,94.08,6,DGFT_TRADESTAT_MEIDB_real,2026-05-09
2020-05,2020-21,2020,5,8541,Devices,Import,151.95,5048.8,69.96,85.33,33,DGFT_TRADESTAT_MEIDB_real,2026-05-09
2020-05,2020-21,2020,5,8542,ICs,Import,214.66,1898.7,30.73,68.79,31,DGFT_TRADESTAT_MEIDB_real,2026-05-09
2020-06,2020-21,2020,6,3818,Raw_Materials,Import,5.1,8758.7,93.53,97.65,8,DGFT_TRADESTAT_MEIDB_real,2026-05-09
2020-06,2020-21,2020,6,8486,Equipment,Import,8.7,5077.6,69.08,92.18,10,DGFT_TRADESTAT_MEIDB_real,2026-05-09
2020-06,2020-21,2020,6,8541,Devices,Import,119.27,3497.5,57.32,74.71,34,DGFT_TRADESTAT_MEIDB_real,2026-05-09
2020-06,2020-21,2020,6,8542,ICs,Import,363.28,2149.1,29.54,75.85,36,DGFT_TRADESTAT_MEIDB_real,2026-05-09
2020-07,2020-21,2020,7,3818,Raw_Materials,Import,7.18,9373.2,96.8,99.3,5,DGFT_TRADESTAT_MEIDB_real,2026-05-09
2020-07,2020-21,2020,7,8486,Equipment,Import,1.48,1648.1,27.03,61.49,9,DGFT_TRADESTAT_MEIDB_real,2026-05-09
2020-07,2020-21,2020,7,8541,Devices,Import,211.45,4513.7,65.9,81.62,39,DGFT_TRADESTAT_MEIDB_real,2026-05-09
2020-07,2020-21,2020,7,8542,ICs,Import,866.68,2946.3,45.69,80.18,38,DGFT_TRADESTAT_MEIDB_real,2026-05-09
2020-08,2020-21,2020,8,3818,Raw_Materials,Import,6.96,9574.9,97.84,99.28,6,DGFT_TRADESTAT_MEIDB_real,2026-05-09
2020-08,2020-21,2020,8,8486,Equipment,Import,1.78,2390.5,32.58,82.02,12,DGFT_TRADESTAT_MEIDB_real,2026-05-09
2020-08,2020-21,2020,8,8541,Devices,Import,181.86,4514.7,65.44,83.72,38,DGFT_TRADESTAT_MEIDB_real,2026-05-09
2020-08,2020-21,2020,8,8542,ICs,Import,898.83,2776.3,39.89,81.7,35,DGFT_TRADESTAT_MEIDB_real,2026-05-09
2020-09,2020-21,2020,9,3818,Raw_Materials,Import,10.71,9685.5,98.41,99.16,8,DGFT_TRADESTAT_MEIDB_real,2026-05-09
2020-09,2020-21,2020,9,8486,Equipment,Import,1.72,1955.8,37.21,62.79,13,DGFT_TRADESTAT_MEIDB_real,2026-05-09
2020-09,2020-21,2020,9,8541,Devices,Import,203.56,4126.8,61.97,84.32,37,DGFT_TRADESTAT_MEIDB_real,2026-05-09
2020-09,2020-21,2020,9,8542,ICs,Import,1103.61,2672.9,41.96,77.24,39,DGFT_TRADESTAT_MEIDB_real,2026-05-09
2020-10,2020-21,2020,10,3818,Raw_Materials,Import,6.55,8881.9,94.2,97.86,7,DGFT_TRADESTAT_MEIDB_real,2026-05-09
2020-10,2020-21,2020,10,8486,Equipment,Import,9.04,2895.8,33.41,92.81,10,DGFT_TRADESTAT_MEIDB_real,2026-05-09
2020-10,2020-21,2020,10,8541,Devices,Import,265.32,5215.6,71.19,86.48,38,DGFT_TRADESTAT_MEIDB_real,2026-05-09
2020-10,2020-21,2020,10,8542,ICs,Import,893.27,2330.5,34.74,76.43,41,DGFT_TRADESTAT_MEIDB_real,2026-05-09
2020-11,2020-21,2020,11,3818,Raw_Materials,Import,6.76,9534.0,97.63,99.26,7,DGFT_TRADESTAT_MEIDB_real,2026-05-09
2020-11,2020-21,2020,11,8486,Equipment,Import,13.52,3051.0,41.64,87.72,10,DGFT_TRADESTAT_MEIDB_real,2026-05-09
2020-11,2020-21,2020,11,8541,Devices,Import,226.53,5310.2,71.99,86.75,39,DGFT_TRADESTAT_MEIDB_real,2026-05-09
2020-11,2020-21,2020,11,8542,ICs,Import,851.33,2086.2,33.01,69.96,40,DGFT_TRADESTAT_MEIDB_real,2026-05-09
2020-12,2020-21,2020,12,3818,Raw_Materials,Import,10.56,9352.2,96.69,99.43,6,DGFT_TRADESTAT_MEIDB_real,2026-05-09
2020-12,2020-21,2020,12,8486,Equipment,Import,11.81,6339.9,78.32,93.99,13,DGFT_TRADESTAT_MEIDB_real,2026-05-09
2020-12,2020-21,2020,12,8541,Devices,Import,252.8,4584.1,66.46,82.8,35,DGFT_TRADESTAT_MEIDB_real,2026-05-09
2020-12,2020-21,2020,12,8542,ICs,Import,850.99,2769.5,36.98,81.67,42,DGFT_TRADESTAT_MEIDB_real,2026-05-09
2021-01,2020-21,2021,1,3818,Raw_Materials,Import,7.85,9847.9,99.24,99.87,4,DGFT_TRADESTAT_MEIDB_real,2026-05-09
2021-01,2020-21,2021,1,8486,Equipment,Import,12.64,2407.2,37.58,76.98,11,DGFT_TRADESTAT_MEIDB_real,2026-05-09
2021-01,2020-21,2021,1,8541,Devices,Import,281.63,4930.7,69.13,85.26,35,DGFT_TRADESTAT_MEIDB_real,2026-05-09
2021-01,2020-21,2021,1,8542,ICs,Import,950.01,2758.0,40.64,81.48,43,DGFT_TRADESTAT_MEIDB_real,2026-05-09
2021-02,2020-21,2021,2,3818,Raw_Materials,Import,6.77,9534.2,97.64,98.97,6,DGFT_TRADESTAT_MEIDB_real,2026-05-09
2021-02,2020-21,2021,2,8486,Equipment,Import,7.14,3362.9,53.22,81.37,16,DGFT_TRADESTAT_MEIDB_real,2026-05-09
2021-02,2020-21,2021,2,8541,Devices,Import,290.16,5395.2,72.76,85.01,37,DGFT_TRADESTAT_MEIDB_real,2026-05-09
2021-02,2020-21,2021,2,8542,ICs,Import,940.29,2677.0,40.61,79.64,43,DGFT_TRADESTAT_MEIDB_real,2026-05-09
2021-03,2020-21,2021,3,3818,Raw_Materials,Import,9.48,9687.0,98.42,99.68,4,DGFT_TRADESTAT_MEIDB_real,2026-05-09
2021-03,2020-21,2021,3,8486,Equipment,Import,6.18,7496.8,86.25,95.31,10,DGFT_TRADESTAT_MEIDB_real,2026-05-09
2021-03,2020-21,2021,3,8541,Devices,Import,474.86,6406.0,79.59,90.18,38,DGFT_TRADESTAT_MEIDB_real,2026-05-09
2021-03,2020-21,2021,3,8542,ICs,Import,1097.95,2415.3,37.55,75.02,39,DGFT_TRADESTAT_MEIDB_real,2026-05-09
2021-04,2021-22,2021,4,3818,Raw_Materials,Import,8.67,9816.6,99.08,99.65,6,DGFT_TRADESTAT_MEIDB_real,2026-05-09
2021-04,2021-22,2021,4,8486,Equipment,Import,2.77,3751.3,51.62,89.17,13,DGFT_TRADESTAT_MEIDB_real,2026-05-09
2021-04,2021-22,2021,4,8541,Devices,Import,304.91,5380.2,72.57,86.21,42,DGFT_TRADESTAT_MEIDB_real,2026-05-09
2021-04,2021-22,2021,4,8542,ICs,Import,1009.39,2624.7,37.12,78.31,44,DGFT_TRADESTAT_MEIDB_real,2026-05-09
2021-05,2021-22,2021,5,3818,Raw_Materials,Import,11.85,9308.0,96.46,98.82,7,DGFT_TRADESTAT_MEIDB_real,2026-05-09
2021-05,2021-22,2021,5,8486,Equipment,Import,4.6,3402.4,48.7,90.65,11,DGFT_TRADESTAT_MEIDB_real,2026-05-09
2021-05,2021-22,2021,5,8541,Devices,Import,342.07,5796.1,75.5,87.99,39,DGFT_TRADESTAT_MEIDB_real,2026-05-09
2021-05,2021-22,2021,5,8542,ICs,Import,684.43,2681.0,42.01,78.86,40,DGFT_TRADESTAT_MEIDB_real,2026-05-09
2021-06,2021-22,2021,6,3818,Raw_Materials,Import,12.91,9754.0,98.76,99.46,7,DGFT_TRADESTAT_MEIDB_real,2026-05-09
2021-06,2021-22,2021,6,8486,Equipment,Import,3.27,2344.3,33.33,77.68,15,DGFT_TRADESTAT_MEIDB_real,2026-05-09
2021-06,2021-22,2021,6,8541,Devices,Import,371.67,6183.1,78.16,89.32,39,DGFT_TRADESTAT_MEIDB_real,2026-05-09
2021-06,2021-22,2021,6,8542,ICs,Import,800.26,2593.6,38.71,80.03,44,DGFT_TRADESTAT_MEIDB_real,2026-05-09
2021-07,2021-22,2021,7,3818,Raw_Materials,Import,14.95,9866.8,99.33,99.8,5,DGFT_TRADESTAT_MEIDB_real,2026-05-09
2021-07,2021-22,2021,7,8486,Equipment,Import,1.94,1423.6,22.16,55.15,16,DGFT_TRADESTAT_MEIDB_real,2026-05-09
2021-07,2021-22,2021,7,8541,Devices,Import,329.67,6056.4,77.28,88.66,37,DGFT_TRADESTAT_MEIDB_real,2026-05-09
2021-07,2021-22,2021,7,8542,ICs,Import,1125.14,2755.3,39.36,78.99,47,DGFT_TRADESTAT_MEIDB_real,2026-05-09
2021-08,2021-22,2021,8,3818,Raw_Materials,Import,12.43,9462.4,97.26,98.95,6,DGFT_TRADESTAT_MEIDB_real,2026-05-09
2021-08,2021-22,2021,8,8486,Equipment,Import,5.45,6252.3,78.53,88.44,12,DGFT_TRADESTAT_MEIDB_real,2026-05-09
2021-08,2021-22,2021,8,8541,Devices,Import,341.68,5711.3,74.74,89.3,35,DGFT_TRADESTAT_MEIDB_real,2026-05-09
2021-08,2021-22,2021,8,8542,ICs,Import,1414.37,2798.6,42.23,80.36,48,DGFT_TRADESTAT_MEIDB_real,2026-05-09
2021-09,2021-22,2021,9,3818,Raw_Materials,Import,10.65,9850.5,99.25,99.81,5,DGFT_TRADESTAT_MEIDB_real,2026-05-09
2021-09,2021-22,2021,9,8486,Equipment,Import,11.39,6922.4,82.88,91.31,12,DGFT_TRADESTAT_MEIDB_real,2026-05-09
2021-09,2021-22,2021,9,8541,Devices,Import,587.47,6786.6,81.92,92.91,39,DGFT_TRADESTAT_MEIDB_real,2026-05-09
2021-09,2021-22,2021,9,8542,ICs,Import,1202.69,2185.2,32.89,72.75,42,DGFT_TRADESTAT_MEIDB_real,2026-05-09
2021-10,2021-22,2021,10,3818,Raw_Materials,Import,13.26,8340.7,91.1,98.87,7,DGFT_TRADESTAT_MEIDB_real,2026-05-09
2021-10,2021-22,2021,10,8486,Equipment,Import,20.93,5716.8,74.3,91.97,13,DGFT_TRADESTAT_MEIDB_real,2026-05-09
2021-10,2021-22,2021,10,8541,Devices,Import,558.2,6503.9,79.98,93.34,39,DGFT_TRADESTAT_MEIDB_real,2026-05-09
2021-10,2021-22,2021,10,8542,ICs,Import,1194.59,2409.2,40.9,73.65,49,DGFT_TRADESTAT_MEIDB_real,2026-05-09
2021-11,2021-22,2021,11,3818,Raw_Materials,Import,18.35,9729.8,98.64,99.46,6,DGFT_TRADESTAT_MEIDB_real,2026-05-09
2021-11,2021-22,2021,11,8486,Equipment,Import,26.98,7646.3,86.99,97.0,15,DGFT_TRADESTAT_MEIDB_real,2026-05-09
2021-11,2021-22,2021,11,8541,Devices,Import,717.16,6267.0,78.13,93.82,38,DGFT_TRADESTAT_MEIDB_real,2026-05-09
2021-11,2021-22,2021,11,8542,ICs,Import,871.89,1949.2,32.1,69.17,43,DGFT_TRADESTAT_MEIDB_real,2026-05-09
2021-12,2021-22,2021,12,3818,Raw_Materials,Import,12.8,9584.0,97.89,99.53,6,DGFT_TRADESTAT_MEIDB_real,2026-05-09
2021-12,2021-22,2021,12,8486,Equipment,Import,11.59,7990.6,89.3,93.7,13,DGFT_TRADESTAT_MEIDB_real,2026-05-09
2021-12,2021-22,2021,12,8541,Devices,Import,544.62,6305.1,78.91,89.89,39,DGFT_TRADESTAT_MEIDB_real,2026-05-09
2021-12,2021-22,2021,12,8542,ICs,Import,1086.36,1797.7,28.57,66.62,42,DGFT_TRADESTAT_MEIDB_real,2026-05-09
2022-01,2021-22,2022,1,3818,Raw_Materials,Import,15.33,9767.2,98.83,99.8,4,DGFT_TRADESTAT_MEIDB_real,2026-05-09
2022-01,2021-22,2022,1,8486,Equipment,Import,24.7,6854.2,82.31,92.39,16,DGFT_TRADESTAT_MEIDB_real,2026-05-09
2022-01,2021-22,2022,1,8541,Devices,Import,891.07,7434.8,86.0,93.58,34,DGFT_TRADESTAT_MEIDB_real,2026-05-09
2022-01,2021-22,2022,1,8542,ICs,Import,1361.15,2524.1,35.95,78.37,42,DGFT_TRADESTAT_MEIDB_real,2026-05-09
2022-02,2021-22,2022,2,3818,Raw_Materials,Import,17.12,9539.7,97.66,99.18,7,DGFT_TRADESTAT_MEIDB_real,2026-05-09
2022-02,2021-22,2022,2,8486,Equipment,Import,14.15,6634.3,80.99,91.87,12,DGFT_TRADESTAT_MEIDB_real,2026-05-09
2022-02,2021-22,2022,2,8541,Devices,Import,876.26,7527.0,86.56,93.75,37,DGFT_TRADESTAT_MEIDB_real,2026-05-09
2022-02,2021-22,2022,2,8542,ICs,Import,1348.07,2463.8,37.46,78.92,40,DGFT_TRADESTAT_MEIDB_real,2026-05-09
2022-03,2021-22,2022,3,3818,Raw_Materials,Import,15.18,9584.3,97.89,99.54,6,DGFT_TRADESTAT_MEIDB_real,2026-05-09
2022-03,2021-22,2022,3,8486,Equipment,Import,17.72,6474.7,80.08,88.6,17,DGFT_TRADESTAT_MEIDB_real,2026-05-09
2022-03,2021-22,2022,3,8541,Devices,Import,2080.31,8576.8,92.54,97.17,40,DGFT_TRADESTAT_MEIDB_real,2026-05-09
2022-03,2021-22,2022,3,8542,ICs,Import,1536.9,2226.8,31.59,75.2,49,DGFT_TRADESTAT_MEIDB_real,2026-05-09
2022-04,2022-23,2022,4,3818,Raw_Materials,Import,13.45,9530.9,97.62,98.81,9,DGFT_TRADESTAT_MEIDB_real,2026-05-09
2022-04,2022-23,2022,4,8486,Equipment,Import,29.6,4796.0,66.62,91.35,13,DGFT_TRADESTAT_MEIDB_real,2026-05-09
2022-04,2022-23,2022,4,8541,Devices,Import,583.36,6431.8,79.7,90.42,37,DGFT_TRADESTAT_MEIDB_real,2026-05-09
2022-04,2022-23,2022,4,8542,ICs,Import,1538.94,2093.2,31.34,74.72,45,DGFT_TRADESTAT_MEIDB_real,2026-05-09
2022-05,2022-23,2022,5,3818,Raw_Materials,Import,13.29,9584.0,97.89,98.95,8,DGFT_TRADESTAT_MEIDB_real,2026-05-09
2022-05,2022-23,2022,5,8486,Equipment,Import,11.11,6508.5,79.75,95.95,11,DGFT_TRADESTAT_MEIDB_real,2026-05-09
2022-05,2022-23,2022,5,8541,Devices,Import,150.61,2720.4,48.04,73.41,40,DGFT_TRADESTAT_MEIDB_real,2026-05-09
2022-05,2022-23,2022,5,8542,ICs,Import,1281.75,2010.6,33.89,70.21,45,DGFT_TRADESTAT_MEIDB_real,2026-05-09
2022-06,2022-23,2022,6,3818,Raw_Materials,Import,10.08,9263.1,96.23,98.31,10,DGFT_TRADESTAT_MEIDB_real,2026-05-09
2022-06,2022-23,2022,6,8486,Equipment,Import,21.71,6324.6,78.54,95.53,13,DGFT_TRADESTAT_MEIDB_real,2026-05-09
2022-06,2022-23,2022,6,8541,Devices,Import,235.61,2425.0,44.19,70.89,38,DGFT_TRADESTAT_MEIDB_real,2026-05-09
2022-06,2022-23,2022,6,8542,ICs,Import,1104.12,2070.4,35.45,69.52,44,DGFT_TRADESTAT_MEIDB_real,2026-05-09
2022-07,2022-23,2022,7,3818,Raw_Materials,Import,17.49,9750.4,98.74,99.49,7,DGFT_TRADESTAT_MEIDB_real,2026-05-09
2022-07,2022-23,2022,7,8486,Equipment,Import,24.82,9075.5,95.25,97.54,12,DGFT_TRADESTAT_MEIDB_real,2026-05-09
2022-07,2022-23,2022,7,8541,Devices,Import,231.8,2930.7,50.85,72.47,39,DGFT_TRADESTAT_MEIDB_real,2026-05-09
2022-07,2022-23,2022,7,8542,ICs,Import,1280.52,1965.4,33.24,69.12,44,DGFT_TRADESTAT_MEIDB_real,2026-05-09
2022-08,2022-23,2022,8,3818,Raw_Materials,Import,18.69,9872.1,99.36,99.84,5,DGFT_TRADESTAT_MEIDB_real,2026-05-09
2022-08,2022-23,2022,8,8486,Equipment,Import,13.53,7811.4,88.25,93.64,15,DGFT_TRADESTAT_MEIDB_real,2026-05-09
2022-08,2022-23,2022,8,8541,Devices,Import,295.72,3479.5,56.8,73.86,39,DGFT_TRADESTAT_MEIDB_real,2026-05-09
2022-08,2022-23,2022,8,8542,ICs,Import,1434.53,1830.4,26.43,69.32,46,DGFT_TRADESTAT_MEIDB_real,2026-05-09
2022-09,2022-23,2022,9,3818,Raw_Materials,Import,14.95,9866.8,99.33,99.8,5,DGFT_TRADESTAT_MEIDB_real,2026-05-09
2022-09,2022-23,2022,9,8486,Equipment,Import,19.51,6720.5,81.04,95.28,15,DGFT_TRADESTAT_MEIDB_real,2026-05-09
2022-09,2022-23,2022,9,8541,Devices,Import,267.56,2554.6,46.02,69.12,40,DGFT_TRADESTAT_MEIDB_real,2026-05-09
2022-09,2022-23,2022,9,8542,ICs,Import,1589.76,1967.2,30.87,69.55,50,DGFT_TRADESTAT_MEIDB_real,2026-05-09
2022-10,2022-23,2022,10,3818,Raw_Materials,Import,14.05,9717.8,98.58,99.36,6,DGFT_TRADESTAT_MEIDB_real,2026-05-09
2022-10,2022-23,2022,10,8486,Equipment,Import,24.66,6247.5,78.06,92.9,13,DGFT_TRADESTAT_MEIDB_real,2026-05-09
2022-10,2022-23,2022,10,8541,Devices,Import,263.26,1990.4,38.28,63.81,41,DGFT_TRADESTAT_MEIDB_real,2026-05-09
2022-10,2022-23,2022,10,8542,ICs,Import,1215.3,1641.4,26.48,62.61,47,DGFT_TRADESTAT_MEIDB_real,2026-05-09
2022-11,2022-23,2022,11,3818,Raw_Materials,Import,15.29,9460.8,97.25,99.35,6,DGFT_TRADESTAT_MEIDB_real,2026-05-09
2022-11,2022-23,2022,11,8486,Equipment,Import,14.43,5152.1,70.48,86.69,13,DGFT_TRADESTAT_MEIDB_real,2026-05-09
2022-11,2022-23,2022,11,8541,Devices,Import,266.07,1603.6,28.9,59.5,42,DGFT_TRADESTAT_MEIDB_real,2026-05-09
2022-11,2022-23,2022,11,8542,ICs,Import,1169.98,1629.4,25.28,62.58,43,DGFT_TRADESTAT_MEIDB_real,2026-05-09
2022-12,2022-23,2022,12,3818,Raw_Materials,Import,16.77,9798.6,98.99,99.64,6,DGFT_TRADESTAT_MEIDB_real,2026-05-09
2022-12,2022-23,2022,12,8486,Equipment,Import,106.94,6579.8,78.7,98.63,15,DGFT_TRADESTAT_MEIDB_real,2026-05-09
2022-12,2022-23,2022,12,8541,Devices,Import,278.33,1684.3,33.34,58.46,39,DGFT_TRADESTAT_MEIDB_real,2026-05-09
2022-12,2022-23,2022,12,8542,ICs,Import,1277.61,1638.7,29.49,60.09,47,DGFT_TRADESTAT_MEIDB_real,2026-05-09
2023-01,2022-23,2023,1,3818,Raw_Materials,Import,11.84,9682.5,98.4,99.66,6,DGFT_TRADESTAT_MEIDB_real,2026-05-09
2023-01,2022-23,2023,1,8486,Equipment,Import,62.37,3804.1,50.91,89.98,15,DGFT_TRADESTAT_MEIDB_real,2026-05-09
2023-01,2022-23,2023,1,8541,Devices,Import,302.08,2329.7,43.2,69.06,39,DGFT_TRADESTAT_MEIDB_real,2026-05-09
2023-01,2022-23,2023,1,8542,ICs,Import,1301.39,1523.6,26.15,56.94,44,DGFT_TRADESTAT_MEIDB_real,2026-05-09
2023-02,2022-23,2023,2,3818,Raw_Materials,Import,22.43,8200.0,90.33,98.93,7,DGFT_TRADESTAT_MEIDB_real,2026-05-09
2023-02,2022-23,2023,2,8486,Equipment,Import,117.22,3000.2,38.87,84.3,14,DGFT_TRADESTAT_MEIDB_real,2026-05-09
2023-02,2022-23,2023,2,8541,Devices,Import,386.92,3159.2,53.82,71.34,40,DGFT_TRADESTAT_MEIDB_real,2026-05-09
2023-02,2022-23,2023,2,8542,ICs,Import,1280.06,1519.9,26.4,56.55,45,DGFT_TRADESTAT_MEIDB_real,2026-05-09
2023-03,2022-23,2023,3,3818,Raw_Materials,Import,30.08,9742.9,98.7,99.67,7,DGFT_TRADESTAT_MEIDB_real,2026-05-09
2023-03,2022-23,2023,3,8486,Equipment,Import,136.82,2583.1,34.83,84.78,18,DGFT_TRADESTAT_MEIDB_real,2026-05-09
2023-03,2022-23,2023,3,8541,Devices,Import,540.82,2867.9,50.31,70.53,39,DGFT_TRADESTAT_MEIDB_real,2026-05-09
2023-03,2022-23,2023,3,8542,ICs,Import,1669.94,1531.3,25.43,59.41,45,DGFT_TRADESTAT_MEIDB_real,2026-05-09
2023-04,2023-24,2023,4,3818,Raw_Materials,Import,32.47,9658.8,98.28,99.32,7,DGFT_TRADESTAT_MEIDB_real,2026-05-09
2023-04,2023-24,2023,4,8486,Equipment,Import,73.36,1768.5,26.21,67.6,13,DGFT_TRADESTAT_MEIDB_real,2026-05-09
2023-04,2023-24,2023,4,8541,Devices,Import,453.91,1939.9,36.72,63.52,39,DGFT_TRADESTAT_MEIDB_real,2026-05-09
2023-04,2023-24,2023,4,8542,ICs,Import,1428.51,1735.5,32.65,61.68,44,DGFT_TRADESTAT_MEIDB_real,2026-05-09
2023-05,2023-24,2023,5,3818,Raw_Materials,Import,26.71,7195.7,83.6,98.46,8,DGFT_TRADESTAT_MEIDB_real,2026-05-09
2023-05,2023-24,2023,5,8486,Equipment,Import,47.35,3703.0,49.19,89.17,15,DGFT_TRADESTAT_MEIDB_real,2026-05-09
2023-05,2023-24,2023,5,8541,Devices,Import,498.88,2169.4,40.59,65.39,43,DGFT_TRADESTAT_MEIDB_real,2026-05-09
2023-05,2023-24,2023,5,8542,ICs,Import,1455.51,1757.6,29.56,63.33,44,DGFT_TRADESTAT_MEIDB_real,2026-05-09
2023-06,2023-24,2023,6,3818,Raw_Materials,Import,17.86,4972.9,58.01,98.71,7,DGFT_TRADESTAT_MEIDB_real,2026-05-09
2023-06,2023-24,2023,6,8486,Equipment,Import,62.07,5163.9,66.1,95.88,15,DGFT_TRADESTAT_MEIDB_real,2026-05-09
2023-06,2023-24,2023,6,8541,Devices,Import,418.91,1976.1,37.43,64.21,40,DGFT_TRADESTAT_MEIDB_real,2026-05-09
2023-06,2023-24,2023,6,8542,ICs,Import,1529.62,2040.5,35.07,68.91,42,DGFT_TRADESTAT_MEIDB_real,2026-05-09
2023-07,2023-24,2023,7,3818,Raw_Materials,Import,22.55,7970.6,88.74,98.98,9,DGFT_TRADESTAT_MEIDB_real,2026-05-09
2023-07,2023-24,2023,7,8486,Equipment,Import,52.94,6673.6,80.64,95.41,16,DGFT_TRADESTAT_MEIDB_real,2026-05-09
2023-07,2023-24,2023,7,8541,Devices,Import,499.34,2239.9,41.33,68.53,38,DGFT_TRADESTAT_MEIDB_real,2026-05-09
2023-07,2023-24,2023,7,8542,ICs,Import,1863.4,1717.8,28.63,62.18,43,DGFT_TRADESTAT_MEIDB_real,2026-05-09
2023-08,2023-24,2023,8,3818,Raw_Materials,Import,51.3,8949.2,94.46,99.71,7,DGFT_TRADESTAT_MEIDB_real,2026-05-09
2023-08,2023-24,2023,8,8486,Equipment,Import,79.22,7757.8,87.93,93.88,13,DGFT_TRADESTAT_MEIDB_real,2026-05-09
2023-08,2023-24,2023,8,8541,Devices,Import,566.18,2469.8,42.03,73.62,39,DGFT_TRADESTAT_MEIDB_real,2026-05-09
2023-08,2023-24,2023,8,8542,ICs,Import,1843.09,1770.6,28.0,62.82,47,DGFT_TRADESTAT_MEIDB_real,2026-05-09
2023-09,2023-24,2023,9,3818,Raw_Materials,Import,17.25,9815.6,99.07,99.65,6,DGFT_TRADESTAT_MEIDB_real,2026-05-09
2023-09,2023-24,2023,9,8486,Equipment,Import,85.11,6030.0,76.61,90.6,12,DGFT_TRADESTAT_MEIDB_real,2026-05-09
2023-09,2023-24,2023,9,8541,Devices,Import,610.27,2873.5,49.89,72.62,43,DGFT_TRADESTAT_MEIDB_real,2026-05-09
2023-09,2023-24,2023,9,8542,ICs,Import,1935.42,1910.4,27.94,67.93,47,DGFT_TRADESTAT_MEIDB_real,2026-05-09
2023-10,2023-24,2023,10,3818,Raw_Materials,Import,40.03,9816.3,99.08,99.7,7,DGFT_TRADESTAT_MEIDB_real,2026-05-09
2023-10,2023-24,2023,10,8486,Equipment,Import,170.24,8790.4,93.7,97.8,17,DGFT_TRADESTAT_MEIDB_real,2026-05-09
2023-10,2023-24,2023,10,8541,Devices,Import,781.79,3787.8,59.22,79.5,41,DGFT_TRADESTAT_MEIDB_real,2026-05-09
2023-10,2023-24,2023,10,8542,ICs,Import,1534.15,1796.8,26.67,64.98,48,DGFT_TRADESTAT_MEIDB_real,2026-05-09
2023-11,2023-24,2023,11,3818,Raw_Materials,Import,28.41,9542.5,97.68,99.37,8,DGFT_TRADESTAT_MEIDB_real,2026-05-09
2023-11,2023-24,2023,11,8486,Equipment,Import,107.62,5236.5,69.62,93.24,13,DGFT_TRADESTAT_MEIDB_real,2026-05-09
2023-11,2023-24,2023,11,8541,Devices,Import,714.4,3935.8,60.29,81.72,39,DGFT_TRADESTAT_MEIDB_real,2026-05-09
2023-11,2023-24,2023,11,8542,ICs,Import,1531.27,1783.5,28.08,64.87,41,DGFT_TRADESTAT_MEIDB_real,2026-05-09
2023-12,2023-24,2023,12,3818,Raw_Materials,Import,31.35,9772.0,98.85,99.49,8,DGFT_TRADESTAT_MEIDB_real,2026-05-09
2023-12,2023-24,2023,12,8486,Equipment,Import,99.95,6002.1,75.56,94.45,16,DGFT_TRADESTAT_MEIDB_real,2026-05-09
2023-12,2023-24,2023,12,8541,Devices,Import,969.64,4727.7,67.53,83.02,43,DGFT_TRADESTAT_MEIDB_real,2026-05-09
2023-12,2023-24,2023,12,8542,ICs,Import,1837.44,1819.5,29.38,66.01,43,DGFT_TRADESTAT_MEIDB_real,2026-05-09
2024-01,2023-24,2024,1,3818,Raw_Materials,Import,29.01,9842.2,99.21,99.69,5,DGFT_TRADESTAT_MEIDB_real,2026-05-09
2024-01,2023-24,2024,1,8486,Equipment,Import,65.01,5410.3,72.33,89.49,16,DGFT_TRADESTAT_MEIDB_real,2026-05-09
2024-01,2023-24,2024,1,8541,Devices,Import,1012.79,4699.7,66.84,86.21,40,DGFT_TRADESTAT_MEIDB_real,2026-05-09
2024-01,2023-24,2024,1,8542,ICs,Import,2082.6,2050.6,31.28,73.14,40,DGFT_TRADESTAT_MEIDB_real,2026-05-09
2024-02,2023-24,2024,2,3818,Raw_Materials,Import,23.84,9709.0,98.53,99.37,10,DGFT_TRADESTAT_MEIDB_real,2026-05-09
2024-02,2023-24,2024,2,8486,Equipment,Import,38.25,4313.6,62.43,86.93,13,DGFT_TRADESTAT_MEIDB_real,2026-05-09
2024-02,2023-24,2024,2,8541,Devices,Import,757.53,4478.8,65.48,81.28,39,DGFT_TRADESTAT_MEIDB_real,2026-05-09
2024-02,2023-24,2024,2,8542,ICs,Import,1749.7,1807.8,24.9,65.84,43,DGFT_TRADESTAT_MEIDB_real,2026-05-09
2024-03,2023-24,2024,3,3818,Raw_Materials,Import,13.84,9544.2,97.69,99.06,7,DGFT_TRADESTAT_MEIDB_real,2026-05-09
2024-03,2023-24,2024,3,8486,Equipment,Import,44.86,4012.5,59.14,86.83,17,DGFT_TRADESTAT_MEIDB_real,2026-05-09
2024-03,2023-24,2024,3,8541,Devices,Import,682.52,4296.6,63.78,82.25,43,DGFT_TRADESTAT_MEIDB_real,2026-05-09
2024-03,2023-24,2024,3,8542,ICs,Import,1916.84,1839.3,28.62,67.11,45,DGFT_TRADESTAT_MEIDB_real,2026-05-09
2024-04,2024-25,2024,4,3818,Raw_Materials,Import,10.23,9482.7,97.36,99.61,7,DGFT_TRADESTAT_MEIDB_real,2026-05-09
2024-04,2024-25,2024,4,8486,Equipment,Import,59.09,5906.4,75.83,90.34,17,DGFT_TRADESTAT_MEIDB_real,2026-05-09
2024-04,2024-25,2024,4,8541,Devices,Import,507.52,3423.1,54.17,81.63,46,DGFT_TRADESTAT_MEIDB_real,2026-05-09
2024-04,2024-25,2024,4,8542,ICs,Import,1751.04,2023.8,31.58,70.3,44,DGFT_TRADESTAT_MEIDB_real,2026-05-09
2024-05,2024-25,2024,5,3818,Raw_Materials,Import,6.79,9084.9,95.29,98.23,8,DGFT_TRADESTAT_MEIDB_real,2026-05-09
2024-05,2024-25,2024,5,8486,Equipment,Import,65.41,4201.4,55.28,92.83,16,DGFT_TRADESTAT_MEIDB_real,2026-05-09
2024-05,2024-25,2024,5,8541,Devices,Import,334.96,2653.9,46.87,73.35,42,DGFT_TRADESTAT_MEIDB_real,2026-05-09
2024-05,2024-25,2024,5,8542,ICs,Import,1921.58,1987.9,32.46,70.24,43,DGFT_TRADESTAT_MEIDB_real,2026-05-09
2024-06,2024-25,2024,6,3818,Raw_Materials,Import,15.08,9672.1,98.34,99.6,6,DGFT_TRADESTAT_MEIDB_real,2026-05-09
2024-06,2024-25,2024,6,8486,Equipment,Import,138.35,5154.2,65.38,97.07,19,DGFT_TRADESTAT_MEIDB_real,2026-05-09
2024-06,2024-25,2024,6,8541,Devices,Import,371.56,4087.4,62.21,80.72,42,DGFT_TRADESTAT_MEIDB_real,2026-05-09
2024-06,2024-25,2024,6,8542,ICs,Import,1845.76,2190.1,38.08,69.46,41,DGFT_TRADESTAT_MEIDB_real,2026-05-09
2024-07,2024-25,2024,7,3818,Raw_Materials,Import,11.16,8033.8,89.25,98.66,6,DGFT_TRADESTAT_MEIDB_real,2026-05-09
2024-07,2024-25,2024,7,8486,Equipment,Import,104.6,6135.2,76.9,95.42,17,DGFT_TRADESTAT_MEIDB_real,2026-05-09
2024-07,2024-25,2024,7,8541,Devices,Import,524.98,4599.8,66.79,80.09,42,DGFT_TRADESTAT_MEIDB_real,2026-05-09
2024-07,2024-25,2024,7,8542,ICs,Import,2305.68,2200.8,37.04,70.24,44,DGFT_TRADESTAT_MEIDB_real,2026-05-09
2024-08,2024-25,2024,8,3818,Raw_Materials,Import,11.1,9083.9,95.23,99.73,5,DGFT_TRADESTAT_MEIDB_real,2026-05-09
2024-08,2024-25,2024,8,8486,Equipment,Import,155.12,8708.0,93.26,97.23,13,DGFT_TRADESTAT_MEIDB_real,2026-05-09
2024-08,2024-25,2024,8,8541,Devices,Import,511.51,5059.8,70.21,84.03,38,DGFT_TRADESTAT_MEIDB_real,2026-05-09
2024-08,2024-25,2024,8,8542,ICs,Import,2279.44,2285.3,37.41,72.61,39,DGFT_TRADESTAT_MEIDB_real,2026-05-09
2024-09,2024-25,2024,9,3818,Raw_Materials,Import,10.41,9546.4,97.69,99.52,5,DGFT_TRADESTAT_MEIDB_real,2026-05-09
2024-09,2024-25,2024,9,8486,Equipment,Import,138.37,7830.1,88.31,95.17,16,DGFT_TRADESTAT_MEIDB_real,2026-05-09
2024-09,2024-25,2024,9,8541,Devices,Import,461.12,5439.8,73.06,84.56,40,DGFT_TRADESTAT_MEIDB_real,2026-05-09
2024-09,2024-25,2024,9,8542,ICs,Import,2048.15,2259.2,37.69,73.72,42,DGFT_TRADESTAT_MEIDB_real,2026-05-09
2024-10,2024-25,2024,10,3818,Raw_Materials,Import,22.77,9550.4,97.72,99.6,6,DGFT_TRADESTAT_MEIDB_real,2026-05-09
2024-10,2024-25,2024,10,8486,Equipment,Import,53.51,7748.4,87.89,93.23,16,DGFT_TRADESTAT_MEIDB_real,2026-05-09
2024-10,2024-25,2024,10,8541,Devices,Import,439.15,4607.2,66.76,80.55,41,DGFT_TRADESTAT_MEIDB_real,2026-05-09
2024-10,2024-25,2024,10,8542,ICs,Import,1954.99,1833.2,29.76,67.44,44,DGFT_TRADESTAT_MEIDB_real,2026-05-09
2024-11,2024-25,2024,11,3818,Raw_Materials,Import,12.21,9439.9,97.13,99.92,4,DGFT_TRADESTAT_MEIDB_real,2026-05-09
2024-11,2024-25,2024,11,8486,Equipment,Import,85.28,5067.4,63.34,97.02,12,DGFT_TRADESTAT_MEIDB_real,2026-05-09
2024-11,2024-25,2024,11,8541,Devices,Import,341.12,4008.4,61.69,76.84,40,DGFT_TRADESTAT_MEIDB_real,2026-05-09
2024-11,2024-25,2024,11,8542,ICs,Import,2026.55,1854.1,31.93,65.8,41,DGFT_TRADESTAT_MEIDB_real,2026-05-09
2024-12,2024-25,2024,12,3818,Raw_Materials,Import,28.23,7687.8,86.82,99.43,6,DGFT_TRADESTAT_MEIDB_real,2026-05-09
2024-12,2024-25,2024,12,8486,Equipment,Import,94.44,4702.7,62.11,93.51,17,DGFT_TRADESTAT_MEIDB_real,2026-05-09
2024-12,2024-25,2024,12,8541,Devices,Import,412.59,4174.0,63.07,80.12,39,DGFT_TRADESTAT_MEIDB_real,2026-05-09
2024-12,2024-25,2024,12,8542,ICs,Import,1961.41,2069.3,35.69,71.29,45,DGFT_TRADESTAT_MEIDB_real,2026-05-09
2025-01,2024-25,2025,1,3818,Raw_Materials,Import,9.01,7706.5,87.13,99.78,5,DGFT_TRADESTAT_MEIDB_real,2026-05-09
2025-01,2024-25,2025,1,8486,Equipment,Import,48.45,7841.2,88.4,94.26,15,DGFT_TRADESTAT_MEIDB_real,2026-05-09
2025-01,2024-25,2025,1,8541,Devices,Import,641.47,4693.7,67.3,81.91,41,DGFT_TRADESTAT_MEIDB_real,2026-05-09
2025-01,2024-25,2025,1,8542,ICs,Import,2558.52,1677.2,29.94,60.13,44,DGFT_TRADESTAT_MEIDB_real,2026-05-09
2025-02,2024-25,2025,2,3818,Raw_Materials,Import,6.99,9412.0,97.0,99.71,4,DGFT_TRADESTAT_MEIDB_real,2026-05-09
2025-02,2024-25,2025,2,8486,Equipment,Import,70.74,9052.4,95.12,97.36,12,DGFT_TRADESTAT_MEIDB_real,2026-05-09
2025-02,2024-25,2025,2,8541,Devices,Import,527.88,4555.5,66.29,80.83,40,DGFT_TRADESTAT_MEIDB_real,2026-05-09
2025-02,2024-25,2025,2,8542,ICs,Import,1769.39,1576.5,26.51,59.18,44,DGFT_TRADESTAT_MEIDB_real,2026-05-09
2025-03,2024-25,2025,3,3818,Raw_Materials,Import,17.03,9403.2,96.95,99.53,6,DGFT_TRADESTAT_MEIDB_real,2026-05-09
2025-03,2024-25,2025,3,8486,Equipment,Import,55.84,6665.9,81.34,89.22,17,DGFT_TRADESTAT_MEIDB_real,2026-05-09
2025-03,2024-25,2025,3,8541,Devices,Import,593.51,4132.7,62.76,77.82,41,DGFT_TRADESTAT_MEIDB_real,2026-05-09
2025-03,2024-25,2025,3,8542,ICs,Import,2232.64,1753.3,30.96,61.87,44,DGFT_TRADESTAT_MEIDB_real,2026-05-09
2025-04,2025-26,2025,4,3818,Raw_Materials,Import,22.77,9567.4,97.8,99.6,8,DGFT_TRADESTAT_MEIDB_real,2026-05-09
2025-04,2025-26,2025,4,8486,Equipment,Import,36.35,3360.4,52.9,84.98,16,DGFT_TRADESTAT_MEIDB_real,2026-05-09
2025-04,2025-26,2025,4,8541,Devices,Import,466.95,3446.4,56.63,73.83,41,DGFT_TRADESTAT_MEIDB_real,2026-05-09
2025-04,2025-26,2025,4,8542,ICs,Import,2422.83,1689.1,30.07,60.15,47,DGFT_TRADESTAT_MEIDB_real,2026-05-09
2025-05,2025-26,2025,5,3818,Raw_Materials,Import,22.69,9833.5,99.16,99.87,5,DGFT_TRADESTAT_MEIDB_real,2026-05-09
2025-05,2025-26,2025,5,8486,Equipment,Import,135.45,2731.0,39.88,82.29,15,DGFT_TRADESTAT_MEIDB_real,2026-05-09
2025-05,2025-26,2025,5,8541,Devices,Import,464.8,3414.3,56.39,72.89,40,DGFT_TRADESTAT_MEIDB_real,2026-05-09
2025-05,2025-26,2025,5,8542,ICs,Import,2560.03,1698.2,29.44,61.39,43,DGFT_TRADESTAT_MEIDB_real,2026-05-09
2025-06,2025-26,2025,6,3818,Raw_Materials,Import,22.87,9895.5,99.48,99.96,4,DGFT_TRADESTAT_MEIDB_real,2026-05-09
2025-06,2025-26,2025,6,8486,Equipment,Import,143.63,3151.1,39.34,95.51,19,DGFT_TRADESTAT_MEIDB_real,2026-05-09
2025-06,2025-26,2025,6,8541,Devices,Import,399.6,2585.8,47.22,68.13,45,DGFT_TRADESTAT_MEIDB_real,2026-05-09
2025-06,2025-26,2025,6,8542,ICs,Import,2221.92,1819.8,33.29,62.08,43,DGFT_TRADESTAT_MEIDB_real,2026-05-09
2025-07,2025-26,2025,7,3818,Raw_Materials,Import,30.67,9021.0,94.95,98.17,10,DGFT_TRADESTAT_MEIDB_real,2026-05-09
2025-07,2025-26,2025,7,8486,Equipment,Import,133.72,2889.1,40.97,89.46,16,DGFT_TRADESTAT_MEIDB_real,2026-05-09
2025-07,2025-26,2025,7,8541,Devices,Import,438.42,3434.3,56.82,72.21,45,DGFT_TRADESTAT_MEIDB_real,2026-05-09
2025-07,2025-26,2025,7,8542,ICs,Import,2571.32,1679.8,28.63,60.84,46,DGFT_TRADESTAT_MEIDB_real,2026-05-09
2025-08,2025-26,2025,8,3818,Raw_Materials,Import,32.8,9311.5,96.46,99.33,9,DGFT_TRADESTAT_MEIDB_real,2026-05-09
2025-08,2025-26,2025,8,8486,Equipment,Import,143.82,4484.7,63.53,92.79,18,DGFT_TRADESTAT_MEIDB_real,2026-05-09
2025-08,2025-26,2025,8,8541,Devices,Import,422.92,3868.2,60.82,74.26,43,DGFT_TRADESTAT_MEIDB_real,2026-05-09
2025-08,2025-26,2025,8,8542,ICs,Import,2644.91,1786.0,31.62,62.82,45,DGFT_TRADESTAT_MEIDB_real,2026-05-09
2025-09,2025-26,2025,9,3818,Raw_Materials,Import,37.8,8482.5,91.83,99.68,5,DGFT_TRADESTAT_MEIDB_real,2026-05-09
2025-09,2025-26,2025,9,8486,Equipment,Import,103.54,6734.9,81.47,93.99,14,DGFT_TRADESTAT_MEIDB_real,2026-05-09
2025-09,2025-26,2025,9,8541,Devices,Import,495.6,3515.4,57.81,70.6,40,DGFT_TRADESTAT_MEIDB_real,2026-05-09
2025-09,2025-26,2025,9,8542,ICs,Import,2436.39,1714.9,31.74,59.99,45,DGFT_TRADESTAT_MEIDB_real,2026-05-09
2025-10,2025-26,2025,10,3818,Raw_Materials,Import,37.21,9760.0,98.79,99.62,8,DGFT_TRADESTAT_MEIDB_real,2026-05-09
2025-10,2025-26,2025,10,8486,Equipment,Import,80.79,6488.3,80.01,92.0,16,DGFT_TRADESTAT_MEIDB_real,2026-05-09
2025-10,2025-26,2025,10,8541,Devices,Import,551.6,3010.6,52.51,69.63,41,DGFT_TRADESTAT_MEIDB_real,2026-05-09
2025-10,2025-26,2025,10,8542,ICs,Import,2328.06,1405.4,24.17,52.22,46,DGFT_TRADESTAT_MEIDB_real,2026-05-09
2025-11,2025-26,2025,11,3818,Raw_Materials,Import,40.87,9902.5,99.51,99.93,5,DGFT_TRADESTAT_MEIDB_real,2026-05-09
2025-11,2025-26,2025,11,8486,Equipment,Import,66.72,4246.7,57.36,94.14,14,DGFT_TRADESTAT_MEIDB_real,2026-05-09
2025-11,2025-26,2025,11,8541,Devices,Import,551.76,3108.1,53.99,67.19,44,DGFT_TRADESTAT_MEIDB_real,2026-05-09
2025-11,2025-26,2025,11,8542,ICs,Import,2203.5,1594.4,29.56,57.38,49,DGFT_TRADESTAT_MEIDB_real,2026-05-09
2025-12,2025-26,2025,12,3818,Raw_Materials,Import,47.29,9856.9,99.28,99.75,7,DGFT_TRADESTAT_MEIDB_real,2026-05-09
2025-12,2025-26,2025,12,8486,Equipment,Import,88.55,4891.5,64.66,93.57,16,DGFT_TRADESTAT_MEIDB_real,2026-05-09
2025-12,2025-26,2025,12,8541,Devices,Import,547.59,2258.1,44.19,62.17,45,DGFT_TRADESTAT_MEIDB_real,2026-05-09
2025-12,2025-26,2025,12,8542,ICs,Import,2665.94,1735.8,32.05,59.95,46,DGFT_TRADESTAT_MEIDB_real,2026-05-09
2026-01,2025-26,2026,1,3818,Raw_Materials,Import,34.89,9937.1,99.68,100.0,3,DGFT_TRADESTAT_MEIDB_real,2026-05-09
2026-01,2025-26,2026,1,8486,Equipment,Import,95.57,4311.7,47.35,95.17,15,DGFT_TRADESTAT_MEIDB_real,2026-05-09
2026-01,2025-26,2026,1,8541,Devices,Import,670.96,2331.2,44.37,64.11,43,DGFT_TRADESTAT_MEIDB_real,2026-05-09
2026-01,2025-26,2026,1,8542,ICs,Import,2537.15,1693.1,30.04,60.7,45,DGFT_TRADESTAT_MEIDB_real,2026-05-09
2026-02,2025-26,2026,2,3818,Raw_Materials,Import,24.43,8843.9,93.98,98.4,8,DGFT_TRADESTAT_MEIDB_real,2026-05-09
2026-02,2025-26,2026,2,8486,Equipment,Import,90.83,3481.5,53.61,83.32,15,DGFT_TRADESTAT_MEIDB_real,2026-05-09
2026-02,2025-26,2026,2,8541,Devices,Import,549.86,1656.6,32.48,61.71,44,DGFT_TRADESTAT_MEIDB_real,2026-05-09
2026-02,2025-26,2026,2,8542,ICs,Import,2799.58,1602.9,27.0,57.81,47,DGFT_TRADESTAT_MEIDB_real,2026-05-09
